Gamma,Iteration,Mean V,Difference,Times,Total Time,Total Iter,Changes,States
0.1,1,-0.6187666666666668,2.09999,0.0006341934204101562,0.0038709640502929688,7,13,3
0.1,2,-0.5023235000000001,0.2121200000000001,0.001260995864868164,0.0038709640502929688,7,19,3
0.1,3,-0.4899871666666668,0.021209000000000033,0.0016939640045166016,0.0038709640502929688,7,22,3
0.1,4,-0.4885953333333334,0.002120000000000122,0.002117156982421875,0.0038709640502929688,7,21,3
0.1,5,-0.4884938333333333,0.00020900000000012575,0.0025339126586914062,0.0038709640502929688,7,17,3
0.1,6,-0.4884845,2.0000000000131024e-05,0.0032088756561279297,0.0038709640502929688,7,5,3
0.1,7,-0.4884845,2.0000000000131024e-05,0.003847837448120117,0.0038709640502929688,7,0,3
0.3,1,-0.8708110333333334,6.299934390000001,0.0005152225494384766,0.0064830780029296875,10,13,3
0.3,2,-0.40267600423333333,2.0769090414300004,0.0012791156768798828,0.0064830780029296875,10,19,3
0.3,3,-0.26617807094833323,0.6230714723999999,0.0019860267639160156,0.0064830780029296875,10,22,3
0.3,4,-0.21709915606333338,0.18690904142999987,0.0027399063110351562,0.0064830780029296875,10,21,3
0.3,5,-0.20545595375833334,0.05607147239999999,0.003255128860473633,0.0064830780029296875,10,29,3
0.3,6,-0.2017798659583334,0.01680904142999995,0.0038270950317382812,0.0064830780029296875,10,17,3
0.3,7,-0.20147606735833337,0.005041472399999858,0.004648923873901367,0.0064830780029296875,10,13,3
0.3,8,-0.20138630558833337,0.00012223143000000825,0.005351066589355469,0.0064830780029296875,10,6,3
0.3,9,-0.2013849277783334,3.5429400000008826e-05,0.005908012390136719,0.0064830780029296875,10,2,3
0.3,10,-0.2013849277783334,3.5429400000008826e-05,0.00646209716796875,0.0064830780029296875,10,0,3
0.5,1,-1.3582722981770834,10.499969482421875,0.00078582763671875,0.008246898651123047,11,13,3
0.5,2,-0.17222493489583332,6.999971389770508,0.0016520023345947266,0.008246898651123047,11,19,3
0.5,3,0.3624935785929362,3.4999847412109375,0.0025148391723632812,0.008246898651123047,11,22,3
0.5,4,0.7027634938557943,1.7499713897705078,0.0032188892364501953,0.008246898651123047,11,21,3
0.5,5,0.8455531438191731,0.8749847412109375,0.003983020782470703,0.008246898651123047,11,29,3
0.5,6,0.9239296595255534,0.4374713897705078,0.004724979400634766,0.008246898651123047,11,17,3
0.5,7,0.9359281539916993,0.2187347412109375,0.005472898483276367,0.008246898651123047,11,13,3
0.5,8,0.9421525955200195,0.027315139770507812,0.006144046783447266,0.008246898651123047,11,6,3
0.5,9,0.9425696055094401,0.0136566162109375,0.006877899169921875,0.008246898651123047,11,4,3
0.5,10,0.9428339640299479,3.814697265625e-05,0.007551908493041992,0.008246898651123047,11,2,3
0.5,11,0.9428339640299479,3.814697265625e-05,0.008228063583374023,0.008246898651123047,11,0,3
0.7,1,-2.588924868865697,14.699977460659708,0.0010209083557128906,0.012909650802612305,11,13,3
0.7,2,0.48646840991639584,20.17644307262816,0.002235889434814453,0.012909650802612305,11,19,3
0.7,3,2.305707622672975,14.123490660617993,0.003398895263671875,0.012909650802612305,11,22,3
0.7,4,4.014647815333429,9.886443072628161,0.004548788070678711,0.012909650802612305,11,21,3
0.7,5,5.078155012437386,6.920490660617995,0.005990743637084961,0.012909650802612305,11,29,3
0.7,6,5.928456908303005,4.8443430726281616,0.007092952728271484,0.012909650802612305,11,17,3
0.7,7,6.127963331783876,3.391020660617996,0.008153676986694336,0.012909650802612305,11,13,3
0.7,8,6.278602016718825,1.163105862628163,0.009226799011230469,0.012909650802612305,11,6,3
0.7,9,6.299214225146957,0.8141546136179971,0.010463953018188477,0.012909650802612305,11,4,3
0.7,10,6.31902483695438,2.598696229227926e-05,0.011659860610961914,0.012909650802612305,11,2,3
0.7,11,6.31902483695438,2.598696229227926e-05,0.01287984848022461,0.012909650802612305,11,0,3
0.9,1,-9.134240719462026,18.89999073861287,0.003155231475830078,0.03869223594665527,11,13,3
0.9,2,4.205085036482725,89.5262719120471,0.006762027740478516,0.03869223594665527,11,19,3
0.9,3,13.789368379231938,80.57363551168481,0.010284185409545898,0.03869223594665527,11,22,3
0.9,4,25.884365398365592,72.51627191204707,0.013886213302612305,0.03869223594665527,11,21,3
0.9,5,36.11926952921646,65.26463551168482,0.017438173294067383,0.03869223594665527,11,29,3
0.9,6,47.04028953083535,58.738171912047086,0.021036148071289062,0.03869223594665527,11,17,3
0.9,7,50.58255911895259,52.86434551168482,0.024369239807128906,0.03869223594665527,11,13,3
0.9,8,54.17739252659113,38.538099502047075,0.027862071990966797,0.03869223594665527,11,6,3
0.9,9,54.971705321090404,34.6842803426848,0.0312650203704834,0.03869223594665527,11,4,3
0.9,10,56.0160873400122,9.693850071101906e-06,0.034774065017700195,0.03869223594665527,11,2,3
0.9,11,56.0160873400122,9.693850071101906e-06,0.03867220878601074,0.03869223594665527,11,0,3
0.95,1,-19.100983506325388,19.9499950086496,0.006327152252197266,0.08903932571411133,11,13,3
0.95,2,9.925595456300504,194.38456561476002,0.014066934585571289,0.08903932571411133,11,19,3
0.95,3,31.650770175685214,184.6653373219193,0.021358251571655273,0.08903932571411133,11,22,3
0.95,4,60.868929109337316,175.43206561476,0.02972698211669922,0.08903932571411133,11,21,3
0.95,5,87.33176526044454,166.66046232191928,0.03732728958129883,0.08903932571411133,11,29,3
0.95,6,117.4058872746659,158.32743436476,0.04632210731506348,0.08903932571411133,11,17,3
0.95,7,127.86374932771123,150.41106263441932,0.055071115493774414,0.08903932571411133,11,13,3
0.95,8,139.1957702891411,128.95867560456475,0.06311511993408203,0.08903932571411133,11,6,3
0.95,9,141.95584411573566,122.51074181223376,0.0740821361541748,0.08903932571411133,11,4,3
0.95,10,145.83875380603726,4.841063372396093e-06,0.0825202465057373,0.08903932571411133,11,2,3
0.95,11,145.83875380603726,4.841063372396093e-06,0.08901810646057129,0.08903932571411133,11,0,3
0.99,1,-99.07354370277316,20.789999003694405,0.03001093864440918,0.5704588890075684,11,13,3
0.99,2,55.90180449347843,1034.276329778376,0.08022713661193848,0.5704588890075684,11,19,3
0.99,3,175.53712209910125,1023.9335664800936,0.11893773078918457,0.5704588890075684,11,22,3
0.99,4,344.4361013597009,1013.694229778376,0.1602330207824707,0.5704588890075684,11,21,3
0.99,5,505.6252821004893,1003.5572874800936,0.2008669376373291,0.5704588890075684,11,29,3
0.99,6,697.8805984313643,993.5217135683761,0.23383498191833496,0.5704588890075684,11,17,3
0.99,7,768.3742481341385,983.5864964321937,0.2707970142364502,0.5704588890075684,11,13,3
0.99,8,848.7140849085566,954.3729918479688,0.3083639144897461,0.5704588890075684,11,6,3
0.99,9,869.7638416477246,944.8292619289904,0.4298570156097412,0.5704588890075684,11,4,3
0.99,10,900.9442570571371,9.970352721211384e-07,0.5133769512176514,0.5704588890075684,11,2,3
0.99,11,900.9442570571371,9.970352721211384e-07,0.570408821105957,0.5704588890075684,11,0,3
0.1,1,-0.8340312500000001,2.09999,0.015156984329223633,0.03484702110290527,7,16,4
0.1,2,-0.7752570000000001,0.2121200000000001,0.02560114860534668,0.03484702110290527,7,26,4
0.1,3,-0.7695253125000001,0.021209000000000033,0.029415369033813477,0.03484702110290527,7,28,4
0.1,4,-0.7689399375000001,0.002120000000000122,0.031099319458007812,0.03484702110290527,7,22,4
0.1,5,-0.7688677500000001,0.00020900000000012575,0.03214621543884277,0.03484702110290527,7,18,4
0.1,6,-0.7688625,2.0000000000131024e-05,0.03362727165222168,0.03484702110290527,7,8,4
0.1,7,-0.7688625,2.0000000000131024e-05,0.034818172454833984,0.03484702110290527,7,0,4
0.3,1,-1.11124645,6.299934390000001,0.0008590221405029297,0.014303922653198242,11,16,4
0.3,2,-0.8696340551049999,2.0769090414300004,0.0020570755004882812,0.014303922653198242,11,26,4
0.3,3,-0.80229207274,0.6230714723999999,0.003309965133666992,0.014303922653198242,11,28,4
0.3,4,-0.7809226804825001,0.18690904142999987,0.004784107208251953,0.014303922653198242,11,30,4
0.3,5,-0.77285894965,0.05607147239999999,0.006396055221557617,0.014303922653198242,11,34,4
0.3,6,-0.7707452998075001,0.01680904142999995,0.007346153259277344,0.014303922653198242,11,42,4
0.3,7,-0.770281638038125,0.005041472399999858,0.008354902267456055,0.014303922653198242,11,38,4
0.3,8,-0.7701707530375002,0.00044877239999996377,0.009919881820678711,0.014303922653198242,11,26,4
0.3,9,-0.770161711159375,0.00012223143000000825,0.011246919631958008,0.014303922653198242,11,16,4
0.3,10,-0.770160161123125,3.5429400000008826e-05,0.012923955917358398,0.014303922653198242,11,4,4
0.3,11,-0.770160161123125,3.5429400000008826e-05,0.01424717903137207,0.014303922653198242,11,0,4
0.5,1,-1.62259521484375,10.499969482421875,0.0009169578552246094,0.019624948501586914,13,16,4
0.5,2,-0.9828126907348633,6.999971389770508,0.0024628639221191406,0.019624948501586914,13,26,4
0.5,3,-0.6984410285949707,3.4999847412109375,0.0037958621978759766,0.019624948501586914,13,28,4
0.5,4,-0.5453193664550782,1.7499713897705078,0.005013942718505859,0.019624948501586914,13,30,4
0.5,5,-0.4482537269592285,0.8749847412109375,0.0063669681549072266,0.019624948501586914,13,34,4
0.5,6,-0.4022873878479004,0.4374713897705078,0.007972002029418945,0.019624948501586914,13,42,4
0.5,7,-0.38477513790130613,0.2187347412109375,0.00917816162109375,0.019624948501586914,13,38,4
0.5,8,-0.3768328666687012,0.0546722412109375,0.010953903198242188,0.019624948501586914,13,28,4
0.5,9,-0.37484967708587646,0.027315139770507812,0.012705087661743164,0.019624948501586914,13,26,4
0.5,10,-0.37400853633880615,0.0136566162109375,0.014955997467041016,0.019624948501586914,13,18,4
0.5,11,-0.3736370325088501,0.0068073272705078125,0.016993999481201172,0.019624948501586914,13,14,4
0.5,12,-0.37353689670562745,0.0016803741455078125,0.018032073974609375,0.019624948501586914,13,6,4
0.5,13,-0.37352638244628905,3.814697265625e-05,0.01958918571472168,0.019624948501586914,13,0,4
0.7,1,-2.8695519521990307,14.699977460659708,0.002949237823486328,0.03389310836791992,13,16,4
0.7,2,-1.0893960498913526,20.17644307262816,0.005548000335693359,0.03389310836791992,13,26,4
0.7,3,-0.02357763593036517,14.123490660617993,0.008667230606079102,0.03389310836791992,13,28,4
0.7,4,0.7842841668516577,9.886443072628161,0.011632204055786133,0.03389310836791992,13,30,4
0.7,5,1.506300456132833,6.920490660617995,0.014450311660766602,0.03389310836791992,13,34,4
0.7,6,2.0325255362431554,4.8443430726281616,0.01772904396057129,0.03389310836791992,13,42,4
0.7,7,2.328216630640993,3.391020660617996,0.01973128318786621,0.03389310836791992,13,38,4
0.7,8,2.5261243387890415,1.6615803606179966,0.022607088088989258,0.03389310836791992,13,28,4
0.7,9,2.6132110097427534,1.163105862628163,0.025103092193603516,0.03389310836791992,13,26,4
0.7,10,2.663027016492596,0.8141546136179971,0.02688002586364746,0.03389310836791992,13,18,4
0.7,11,2.6931140420962407,0.5699078397281636,0.028728008270263672,0.03389310836791992,13,14,4
0.7,12,2.7046289273666426,0.2792408085071636,0.03171825408935547,0.03389310836791992,13,6,4
0.7,13,2.7063740200012982,2.598696229227926e-05,0.03385806083679199,0.03389310836791992,13,0,4
0.9,1,-9.417288636128692,18.89999073861287,0.005018711090087891,0.08496379852294922,13,16,4
0.9,2,-0.9608127423462512,89.5262719120471,0.012676715850830078,0.08496379852294922,13,26,4
0.9,3,5.3261686656776455,80.57363551168481,0.02080988883972168,0.08496379852294922,13,28,4
0.9,4,11.437678126451646,72.51627191204707,0.02853989601135254,0.08496379852294922,13,30,4
0.9,5,18.49668254963508,65.26463551168482,0.038365840911865234,0.08496379852294922,13,34,4
0.9,6,25.845760414460937,58.738171912047086,0.04773092269897461,0.08496379852294922,13,42,4
0.9,7,31.432012017826857,52.86434551168482,0.0550227165222168,0.08496379852294922,13,38,4
0.9,8,36.2526112797154,42.82011061168481,0.06135678291320801,0.08496379852294922,13,28,4
0.9,9,39.425072142121216,38.538099502047075,0.06622076034545898,0.08496379852294922,13,26,4
0.9,10,41.69282158733171,34.6842803426848,0.07171773910522461,0.08496379852294922,13,18,4
0.9,11,43.3964696284661,31.21585225994707,0.07694792747497559,0.08496379852294922,13,14,4
0.9,12,44.24300413818525,25.284831993846076,0.08101987838745117,0.08496379852294922,13,6,4
0.9,13,44.40103427756022,9.693850071101906e-06,0.08493590354919434,0.08496379852294922,13,0,4
0.95,1,-19.381729079242053,19.9499950086496,0.006555795669555664,0.2025289535522461,13,16,4
0.95,2,-0.5169221170531703,194.38456561476002,0.014019966125488281,0.2025289535522461,13,26,4
0.95,3,14.164579273614773,184.6653373219193,0.020905017852783203,0.2025289535522461,13,28,4
0.95,4,29.208455815737533,175.43206561476,0.03633999824523926,0.2025289535522461,13,30,4
0.95,5,47.56783212495981,166.66046232191928,0.05067586898803711,0.2025289535522461,13,34,4
0.95,6,68.30356267840003,158.32743436476,0.07907509803771973,0.2025289535522461,13,42,4
0.95,7,85.13282163422495,150.41106263441932,0.09923791885375977,0.2025289535522461,13,38,4
0.95,8,100.38427332048107,135.74597941645058,0.11175704002380371,0.2025289535522461,13,28,4
0.95,9,111.31967714265065,128.95867560456475,0.1299147605895996,0.2025289535522461,13,26,4
0.95,10,119.52417385053073,122.51074181223376,0.16071701049804688,0.2025289535522461,13,18,4
0.95,11,125.96737708610553,116.38519988055876,0.1703648567199707,0.2025289535522461,13,14,4
0.95,12,129.35700495957764,105.03763803964335,0.18703007698059082,0.2025289535522461,13,6,4
0.95,13,130.01349019883824,4.841063372396093e-06,0.20248079299926758,0.2025289535522461,13,0,4
0.99,1,-99.35147300068986,20.789999003694405,0.04977059364318848,1.065887689590454,13,16,4
0.99,2,3.4367728757412292,1034.276329778376,0.10721683502197266,1.065887689590454,13,26,4
0.99,3,86.25254550918359,1023.9335664800936,0.24135398864746094,1.065887689590454,13,28,4
0.99,4,174.57574931345965,1013.694229778376,0.2988595962524414,1.065887689590454,13,30,4
0.99,5,286.9804693108778,1003.5572874800936,0.39275169372558594,1.065887689590454,13,34,4
0.99,6,422.2372612909083,993.5217135683761,0.45926380157470703,1.065887689590454,13,42,4
0.99,7,537.6371433695687,983.5864964321937,0.5798637866973877,1.065887689590454,13,38,4
0.99,8,646.034461078358,964.0131241261467,0.6495308876037598,1.065887689590454,13,28,4
0.99,9,729.0094444765639,954.3729918479688,0.7096178531646729,1.065887689590454,13,26,4
0.99,10,793.6156943271919,944.8292619289904,0.7684438228607178,1.065887689590454,13,18,4
0.99,11,846.0572554873543,935.3809682727838,0.8372657299041748,1.065887689590454,13,14,4
0.99,12,874.8810141475657,916.7668859667451,0.9635336399078369,1.065887689590454,13,6,4
0.99,13,880.6108071851693,9.970352721211384e-07,1.0658378601074219,1.065887689590454,13,0,4
0.1,1,-0.9337776,2.0999990000000004,0.0026543140411376953,0.015380144119262695,7,20,5
0.1,2,-0.89229672,0.2121200000000001,0.00693202018737793,0.015380144119262695,7,35,5
0.1,3,-0.8879808,0.021209000000000033,0.009304285049438477,0.015380144119262695,7,30,5
0.1,4,-0.8875524,0.002120000000000122,0.010427236557006836,0.015380144119262695,7,24,5
0.1,5,-0.88750578,0.00020900000000012575,0.012279033660888672,0.015380144119262695,7,14,5
0.1,6,-0.8875003200000001,2.0000000000131024e-05,0.013787269592285156,0.015380144119262695,7,14,5
0.1,7,-0.8875003200000001,2.0000000000131024e-05,0.015326261520385742,0.015380144119262695,7,0,5
0.3,1,-1.2247692999999997,6.299934390000001,0.0010650157928466797,0.020554065704345703,11,20,5
0.3,2,-1.0588660218231998,2.0769090414300004,0.002240896224975586,0.020554065704345703,11,35,5
0.3,3,-1.0126356486622,0.6230714723999999,0.0054628849029541016,0.020554065704345703,11,36,5
0.3,4,-0.9988396237509999,0.18690904142999987,0.008152008056640625,0.020554065704345703,11,38,5
0.3,5,-0.9941549853814,0.05607147239999999,0.009163141250610352,0.020554065704345703,11,40,5
0.3,6,-0.9924280679248,0.01680904142999995,0.010627031326293945,0.020554065704345703,11,43,5
0.3,7,-0.9918981040246,0.005041472399999858,0.012066841125488281,0.020554065704345703,11,52,5
0.3,8,-0.991769701318,0.001500041429999932,0.014001131057739258,0.020554065704345703,11,29,5
0.3,9,-0.9917453691934,0.00044877239999996377,0.017872095108032227,0.020554065704345703,11,19,5
0.3,10,-0.9917415664378,3.5429400000008826e-05,0.018817901611328125,0.020554065704345703,11,2,5
0.3,11,-0.9917415664378,3.5429400000008826e-05,0.020518064498901367,0.020554065704345703,11,0,5
0.5,1,-1.75318896484375,10.499969482421875,0.001628875732421875,0.02693796157836914,16,20,5
0.5,2,-1.3139996032714845,6.999971389770508,0.00419306755065918,0.02693796157836914,16,35,5
0.5,3,-1.126751579284668,3.4999847412109375,0.00548100471496582,0.02693796157836914,16,36,5
0.5,4,-1.032254783630371,1.7499713897705078,0.008140087127685547,0.02693796157836914,16,38,5
0.5,5,-0.9782256698608398,0.8749847412109375,0.009970903396606445,0.02693796157836914,16,40,5
0.5,6,-0.945007339477539,0.4374713897705078,0.011316061019897461,0.02693796157836914,16,44,5
0.5,7,-0.9274971923828125,0.2187347412109375,0.01381993293762207,0.02693796157836914,16,61,5
0.5,8,-0.920153793334961,0.10934638977050781,0.015303850173950195,0.02693796157836914,16,55,5
0.5,9,-0.9176000900268555,0.0546722412109375,0.017575979232788086,0.02693796157836914,16,51,5
0.5,10,-0.9164548568725586,0.0068073272705078125,0.01907205581665039,0.02693796157836914,16,46,5
0.5,11,-0.9162236633300781,0.0034027099609375,0.02104496955871582,0.02693796157836914,16,31,5
0.5,12,-0.9161073455810547,0.0016803741455078125,0.022071123123168945,0.02693796157836914,16,23,5
0.5,13,-0.9160599212646484,0.0008392333984375,0.023372888565063477,0.02693796157836914,16,21,5
0.5,14,-0.9160402145385742,0.0003986358642578125,0.024431943893432617,0.02693796157836914,16,12,5
0.5,15,-0.9160354080200195,0.0001983642578125,0.025460004806518555,0.02693796157836914,16,3,5
0.5,16,-0.9160344467163086,3.814697265625e-05,0.026901960372924805,0.02693796157836914,16,0,5
0.7,1,-3.016317802199031,14.699977460659708,0.002003908157348633,0.05590391159057617,16,20,5
0.7,2,-1.7488520413532707,20.17644307262816,0.003910064697265625,0.05590391159057617,16,35,5
0.7,3,-1.0319528835503833,14.123490660617993,0.008336067199707031,0.05590391159057617,16,36,5
0.7,4,-0.5180623171069543,9.886443072628161,0.010910987854003906,0.05590391159057617,16,38,5
0.7,5,-0.10738402994460952,6.920490660617995,0.012549161911010742,0.05590391159057617,16,40,5
0.7,6,0.2426918451782048,4.8443430726281616,0.016824007034301758,0.05590391159057617,16,44,5
0.7,7,0.5136859394539249,3.391020660617996,0.01905202865600586,0.05590391159057617,16,61,5
0.7,8,0.6824361158296915,2.373714072628162,0.024862051010131836,0.05590391159057617,16,55,5
0.7,9,0.7730782489874793,1.6615803606179966,0.032338857650756836,0.05590391159057617,16,51,5
0.7,10,0.838323088917784,0.5699078397281636,0.03997015953063965,0.05590391159057617,16,46,5
0.7,11,0.8634073676831338,0.3989159975879977,0.04162883758544922,0.05590391159057617,16,31,5
0.7,12,0.8802194937037714,0.2792408085071636,0.044976234436035156,0.05590391159057617,16,23,5
0.7,13,0.8894499536956993,0.1954490757332974,0.04753684997558594,0.05590391159057617,16,21,5
0.7,14,0.8949457017217878,0.13681396320887362,0.04911303520202637,0.05590391159057617,16,12,5
0.7,15,0.8965871574367468,0.09575028402449481,0.054431915283203125,0.05590391159057617,16,3,5
0.7,16,0.8971616669369824,2.598696229227926e-05,0.055867910385131836,0.05590391159057617,16,0,5
0.9,1,-9.571918986128692,18.89999073861287,0.013073921203613281,0.2107851505279541,16,20,5
0.9,2,-3.1056682342665516,89.5262719120471,0.021582841873168945,0.2107851505279541,16,35,5
0.9,3,1.453688908599827,80.57363551168481,0.03865504264831543,0.2107851505279541,16,36,5
0.9,4,5.6861891821425345,72.51627191204707,0.05458402633666992,0.2107851505279541,16,38,5
0.9,5,9.995380414078161,65.26463551168482,0.0678260326385498,0.2107851505279541,16,40,5
0.9,6,14.70970934190684,58.738171912047086,0.08894801139831543,0.2107851505279541,16,44,5
0.9,7,19.724442792541847,52.86434551168482,0.1163930892944336,0.2107851505279541,16,61,5
0.9,8,24.10999930905112,47.577910912047074,0.1386270523071289,0.2107851505279541,16,55,5
0.9,9,27.391400606682197,42.82011061168481,0.1508190631866455,0.2107851505279541,16,51,5
0.9,10,30.583449450112983,31.21585225994707,0.15882611274719238,0.2107851505279541,16,46,5
0.9,11,32.41240394506386,28.094257824794802,0.18075013160705566,0.2107851505279541,16,31,5
0.9,12,33.873029720811346,25.284831993846076,0.18677783012390137,0.2107851505279541,16,23,5
0.9,13,34.85256359421359,22.75633958530391,0.19257092475891113,0.2107851505279541,16,21,5
0.9,14,35.57803558128832,20.48070557830427,0.19878721237182617,0.2107851505279541,16,12,5
0.9,15,35.82380393190178,18.432625811316274,0.2044379711151123,0.2107851505279541,16,3,5
0.9,16,35.934399689677825,9.69385007465462e-06,0.21073317527770996,0.2107851505279541,16,0,5
0.95,1,-19.535852147992053,19.9499950086496,0.009997129440307617,0.18578004837036133,16,20,5
0.95,2,-4.7902465924375175,194.38456561476002,0.02198195457458496,0.18578004837036133,16,35,5
0.95,3,6.122667840173413,184.6653373219193,0.03349018096923828,0.18578004837036133,16,36,5
0.95,4,16.82238004095585,175.43206561476,0.04583621025085449,0.18578004837036133,16,38,5
0.95,5,28.28956027035749,166.66046232191928,0.05727720260620117,0.18578004837036133,16,40,5
0.95,6,41.56012931466365,158.32743436476,0.06963825225830078,0.18578004837036133,16,44,5
0.95,7,56.740311652933954,150.41106263441932,0.08088517189025879,0.18578004837036133,16,61,5
0.95,8,71.08816326067017,142.89050466163496,0.0927431583404541,0.18578004837036133,16,55,5
0.95,9,82.58905600816647,135.74597941645058,0.10452914237976074,0.18578004837036133,16,51,5
0.95,10,94.43658888330665,116.38519988055876,0.11570215225219727,0.18578004837036133,16,46,5
0.95,11,101.78064458829891,110.56593987442811,0.1302490234375,0.18578004837036133,16,31,5
0.95,12,107.85057745545828,105.03763803964335,0.14180207252502441,0.18578004837036133,16,23,5
0.95,13,112.08727049744635,99.78575612555852,0.15297532081604004,0.18578004837036133,16,21,5
0.95,14,115.372217389067,94.79646347821726,0.1643199920654297,0.18578004837036133,16,12,5
0.95,15,116.50977495371025,90.0566402922037,0.17618107795715332,0.18578004837036133,16,3,5
0.95,16,117.0501147664171,4.841063372396093e-06,0.1857290267944336,0.18578004837036133,16,0,5
0.99,1,-99.50421678859988,20.789999003694405,0.07760000228881836,1.4490461349487305,16,20,5
0.99,2,-17.66162606513299,1034.276329778376,0.2117760181427002,1.4490461349487305,16,35,5
0.99,3,45.1954071627151,1023.9335664800936,0.3153531551361084,1.4490461349487305,16,36,5
0.99,4,109.43078183794579,1013.694229778376,0.4121699333190918,1.4490461349487305,16,38,5
0.99,5,181.01272091523583,1003.5572874800936,0.5302488803863525,1.4490461349487305,16,40,5
0.99,6,267.56115569960826,993.5217135683761,0.6454250812530518,1.4490461349487305,16,44,5
0.99,7,372.3144104732725,983.5864964321937,0.7327001094818115,1.4490461349487305,16,61,5
0.99,8,477.44933968433367,973.7506304309551,0.8178591728210449,1.4490461349487305,16,55,5
0.99,9,566.1823773693592,964.0131241261467,0.8954732418060303,1.4490461349487305,16,51,5
0.99,10,661.5082862277623,935.3809682727838,0.9699649810791016,1.4490461349487305,16,46,5
0.99,11,724.1677455466883,926.0271585895574,1.0463449954986572,1.4490461349487305,16,31,5
0.99,12,777.2883581438244,916.7668859667451,1.1250429153442383,1.4490461349487305,16,23,5
0.99,13,815.482150068125,907.5992171065792,1.209808111190796,1.4490461349487305,16,21,5
0.99,14,846.1415776593032,898.5232238985967,1.2896921634674072,1.4490461349487305,16,12,5
0.99,15,856.9238563466846,889.5379916591121,1.3656859397888184,1.4490461349487305,16,3,5
0.99,16,862.2610842906571,9.970354994948138e-07,1.4489951133728027,1.4490461349487305,16,0,5
0.1,1,-0.9879625000000001,2.0999990000000004,0.0038106441497802734,0.021642684936523438,7,22,6
0.1,2,-0.955915625,0.2121200000000001,0.0052149295806884766,0.021642684936523438,7,42,6
0.1,3,-0.9522143750000001,0.021209000000000033,0.007118701934814453,0.021642684936523438,7,39,6
0.1,4,-0.9518384166666667,0.002120000000000122,0.009532928466796875,0.021642684936523438,7,31,6
0.1,5,-0.9518016666666668,0.00020900000000012575,0.011348962783813477,0.021642684936523438,7,19,6
0.1,6,-0.9517972916666666,2.0000000000131024e-05,0.013952016830444336,0.021642684936523438,7,18,6
0.1,7,-0.9517972916666666,2.0000000000131024e-05,0.021581649780273438,0.021642684936523438,7,0,6
0.3,1,-1.2870135333333335,6.299934390000001,0.0029060840606689453,0.029352188110351562,12,22,6
0.3,2,-1.1593308633245833,2.0769090414300004,0.00655817985534668,0.029352188110351562,12,42,6
0.3,3,-1.1182555278170836,0.6230714723999999,0.009192228317260742,0.029352188110351562,12,46,6
0.3,4,-1.1053536415033332,0.18690904142999987,0.011515140533447266,0.029352188110351562,12,45,6
0.3,5,-1.1015126892395835,0.05607147239999999,0.013180255889892578,0.029352188110351562,12,48,6
0.3,6,-1.1001001363145833,0.01680904142999995,0.016712188720703125,0.029352188110351562,12,53,6
0.3,7,-1.0996028999945833,0.005041472399999858,0.019618988037109375,0.029352188110351562,12,67,6
0.3,8,-1.0994615660308336,0.001500041429999932,0.021114110946655273,0.029352188110351562,12,51,6
0.3,9,-1.0994270825083334,0.00044877239999996377,0.023308992385864258,0.029352188110351562,12,30,6
0.3,10,-1.0994199064145833,0.00012223143000000825,0.025220155715942383,0.029352188110351562,12,13,6
0.3,11,-1.0994185286045837,3.5429400000008826e-05,0.027863025665283203,0.029352188110351562,12,3,6
0.3,12,-1.0994185286045837,3.5429400000008826e-05,0.029299259185791016,0.029352188110351562,12,0,6
0.5,1,-1.8285847981770833,10.499969482421875,0.002971172332763672,0.056555986404418945,18,22,6
0.5,2,-1.4944431145985921,6.999971389770508,0.0063648223876953125,0.056555986404418945,18,42,6
0.5,3,-1.327951765060425,3.4999847412109375,0.008710861206054688,0.056555986404418945,18,46,6
0.5,4,-1.238935152689616,1.7499713897705078,0.011661052703857422,0.056555986404418945,18,45,6
0.5,5,-1.1942755858103433,0.8749847412109375,0.014654874801635742,0.056555986404418945,18,48,6
0.5,6,-1.167011054356893,0.4374713897705078,0.01883387565612793,0.056555986404418945,18,53,6
0.5,7,-1.151224422454834,0.2187347412109375,0.020579099655151367,0.056555986404418945,18,69,6
0.5,8,-1.14327286084493,0.10934638977050781,0.022760868072509766,0.056555986404418945,18,80,6
0.5,9,-1.139945681889852,0.0546722412109375,0.026155948638916016,0.056555986404418945,18,69,6
0.5,10,-1.1385573546091716,0.027315139770507812,0.030727863311767578,0.056555986404418945,18,65,6
0.5,11,-1.137930727005005,0.0136566162109375,0.03913712501525879,0.056555986404418945,18,58,6
0.5,12,-1.137747589747111,0.0034027099609375,0.0418848991394043,0.056555986404418945,18,50,6
0.5,13,-1.137687619527181,0.0016803741455078125,0.04501700401306152,0.056555986404418945,18,42,6
0.5,14,-1.1376616954803467,0.0008392333984375,0.047358036041259766,0.056555986404418945,18,32,6
0.5,15,-1.1376514593760172,0.0001983642578125,0.048995018005371094,0.056555986404418945,18,29,6
0.5,16,-1.1376482327779134,7.82012939453125e-05,0.052498817443847656,0.056555986404418945,18,16,6
0.5,17,-1.1376471201578775,3.814697265625e-05,0.05480694770812988,0.056555986404418945,18,6,6
0.5,18,-1.1376471201578775,3.814697265625e-05,0.05650496482849121,0.056555986404418945,18,0,6
0.7,1,-3.1131607021990306,14.699977460659708,0.0046558380126953125,0.11158895492553711,19,22,6
0.7,2,-2.1649423501514624,20.17644307262816,0.008198976516723633,0.11158895492553711,19,42,6
0.7,3,-1.5463174003917761,14.123490660617993,0.012693166732788086,0.11158895492553711,19,46,6
0.7,4,-1.0782247159176432,9.886443072628161,0.015929222106933594,0.11158895492553711,19,45,6
0.7,5,-0.7434194669519444,6.920490660617995,0.022778987884521484,0.11158895492553711,19,48,6
0.7,6,-0.4590740252917541,4.8443430726281616,0.025493144989013672,0.11158895492553711,19,53,6
0.7,7,-0.23041016179723023,3.391020660617996,0.029618024826049805,0.11158895492553711,19,69,6
0.7,8,-0.05751878337588248,2.373714072628162,0.037444114685058594,0.11158895492553711,19,80,6
0.7,9,0.047061354409250813,1.6615803606179966,0.04098010063171387,0.11158895492553711,19,69,6
0.7,10,0.11021583778264539,1.163105862628163,0.0462038516998291,0.11158895492553711,19,65,6
0.7,11,0.15438840234893866,0.8141546136179971,0.05403399467468262,0.11158895492553711,19,58,6
0.7,12,0.175324689834101,0.3989159975879977,0.05791902542114258,0.11158895492553711,19,50,6
0.7,13,0.1867267134559644,0.2792408085071636,0.06220197677612305,0.11158895492553711,19,42,6
0.7,14,0.19421568366053485,0.1954490757332974,0.06739211082458496,0.11158895492553711,19,32,6
0.7,15,0.1983794834646452,0.09575028402449481,0.07785820960998535,0.11158895492553711,19,29,6
0.7,16,0.20084345746192606,0.06702480901271146,0.08257794380187988,0.11158895492553711,19,17,6
0.7,17,0.20181955517997957,0.04689787608718099,0.09000921249389648,0.11158895492553711,19,6,6
0.7,18,0.20221038164194036,0.03282812345659236,0.09690713882446289,0.11158895492553711,19,3,6
0.7,19,0.20234705721066662,2.598696229227926e-05,0.11152100563049316,0.11158895492553711,19,0,6
0.9,1,-9.702693219462027,18.89999073861287,0.008498907089233398,0.2370908260345459,19,22,6
0.9,2,-4.949768267493326,89.5262719120471,0.026959896087646484,0.2370908260345459,19,42,6
0.9,3,-1.1879496874420816,80.57363551168481,0.04316592216491699,0.2370908260345459,19,46,6
0.9,4,2.4816082046394907,72.51627191204707,0.06904411315917969,0.2370908260345459,19,45,6
0.9,5,5.922806563983769,65.26463551168482,0.10238385200500488,0.2370908260345459,19,48,6
0.9,6,9.644984116956941,58.738171912047086,0.14481210708618164,0.2370908260345459,19,53,6
0.9,7,13.510952364690183,52.86434551168482,0.15155792236328125,0.2370908260345459,19,69,6
0.9,8,17.63088442763758,47.577910912047074,0.15889286994934082,0.2370908260345459,19,80,6
0.9,9,20.989853823421146,42.82011061168481,0.16648197174072266,0.2370908260345459,19,69,6
0.9,10,23.643254115906018,38.538099502047075,0.17324090003967285,0.2370908260345459,19,65,6
0.9,11,26.188099420734453,34.6842803426848,0.18030285835266113,0.2370908260345459,19,58,6
0.9,12,27.899841103570754,28.094257824794802,0.18802309036254883,0.2370908260345459,19,50,6
0.9,13,29.173203596002395,25.284831993846076,0.19531798362731934,0.2370908260345459,19,42,6
0.9,14,30.227495755981334,22.75633958530391,0.20234298706054688,0.2370908260345459,19,32,6
0.9,15,30.95914319184584,18.432625811316274,0.20946002006530762,0.2370908260345459,19,29,6
0.9,16,31.50623364918648,16.589363181715395,0.21619200706481934,0.2370908260345459,19,17,6
0.9,17,31.75530434505493,14.930417654386297,0.22292590141296387,0.2370908260345459,19,6,6
0.9,18,31.87972449621392,13.437375840478415,0.2300701141357422,0.2370908260345459,19,3,6
0.9,19,31.935713521824873,9.69385007465462e-06,0.23703789710998535,0.2370908260345459,19,0,6
0.95,1,-19.677644600075386,19.9499950086496,0.011458873748779297,0.2654540538787842,19,22,6
0.95,2,-8.883503240065485,194.38456561476002,0.02468395233154297,0.2654540538787842,19,42,6
0.95,3,0.01712955449799109,184.6653373219193,0.039216041564941406,0.2654540538787842,19,46,6
0.95,4,9.18051970963884,175.43206561476,0.05349588394165039,0.2654540538787842,19,45,6
0.95,5,18.292524885803452,166.66046232191928,0.0675508975982666,0.2654540538787842,19,48,6
0.95,6,28.66750122068034,158.32743436476,0.08160185813903809,0.2654540538787842,19,53,6
0.95,7,40.08182676243599,150.41106263441932,0.09547781944274902,0.2654540538787842,19,69,6
0.95,8,53.24822088053159,142.89050466163496,0.10944604873657227,0.2654540538787842,19,80,6
0.95,9,64.72599590854664,135.74597941645058,0.12354898452758789,0.2654540538787842,19,69,6
0.95,10,74.3081505492597,128.95867560456475,0.1374039649963379,0.2654540538787842,19,65,6
0.95,11,84.11127049033686,122.51074181223376,0.15113496780395508,0.2654540538787842,19,58,6
0.95,12,91.21622980247253,110.56593987442811,0.16478896141052246,0.2654540538787842,19,50,6
0.95,13,96.83518451119586,105.03763803964335,0.17940020561218262,0.2654540538787842,19,42,6
0.95,14,101.70176936298009,99.78575612555852,0.19314098358154297,0.2654540538787842,19,32,6
0.95,15,105.23427148307152,90.0566402922037,0.20760893821716309,0.2654540538787842,19,29,6
0.95,16,108.00695263693451,85.55380343653019,0.22238516807556152,0.2654540538787842,19,17,6
0.95,17,109.30243921995783,81.27611325260096,0.23675894737243652,0.2654540538787842,19,6,6
0.95,18,109.97974012338729,77.2123027489076,0.2513279914855957,0.2654540538787842,19,3,6
0.95,19,110.30145805251632,4.841063372396093e-06,0.26539111137390137,0.2654540538787842,19,0,6
0.99,1,-99.65567566052319,20.789999003694405,0.11024689674377441,2.736510992050171,19,22,6
0.99,2,-39.93307227849485,1034.276329778376,0.34739208221435547,2.736510992050171,19,42,6
0.99,3,10.871246201622524,1023.9335664800936,0.5496089458465576,2.736510992050171,19,46,6
0.99,4,65.36336941462953,1013.694229778376,0.6643421649932861,2.736510992050171,19,45,6
0.99,5,122.0289557840043,1003.5572874800936,0.7431960105895996,2.736510992050171,19,48,6
0.99,6,189.11265147283177,993.5217135683761,0.8209550380706787,2.736510992050171,19,53,6
0.99,7,266.293578928755,983.5864964321937,0.9076321125030518,2.736510992050171,19,69,6
0.99,8,360.98263650986934,973.7506304309551,1.0561680793762207,2.736510992050171,19,80,6
0.99,9,447.89836149438304,964.0131241261467,1.1732070446014404,2.736510992050171,19,69,6
0.99,10,523.522016070401,954.3729918479688,1.2647559642791748,2.736510992050171,19,65,6
0.99,11,604.7153218220878,944.8292619289904,1.4176268577575684,2.736510992050171,19,58,6
0.99,12,666.9992604883058,926.0271585895574,1.700010061264038,2.736510992050171,19,50,6
0.99,13,718.5479025693136,916.7668859667451,1.9316051006317139,2.736510992050171,19,42,6
0.99,14,764.7000752743805,907.5992171065792,2.022785186767578,2.736510992050171,19,32,6
0.99,15,799.3446361323467,889.5379916591121,2.134627103805542,2.736510992050171,19,29,6
0.99,16,827.5512680713474,880.642610705604,2.2509472370147705,2.736510992050171,19,17,6
0.99,17,840.9811901954024,871.8361845980495,2.365978956222534,2.736510992050171,19,6,6
0.99,18,848.2464917254109,863.1178217151523,2.5641510486602783,2.736510992050171,19,3,6
0.99,19,851.8428159827652,9.970354994948138e-07,2.7364401817321777,2.736510992050171,19,0,6
0.1,1,-1.020633857142857,2.0999990000000004,0.003674030303955078,0.06239008903503418,7,20,7
0.1,2,-0.9973058571428572,0.2121200000000001,0.008280038833618164,0.06239008903503418,7,35,7
0.1,3,-0.9939351428571429,0.021209000000000033,0.034597158432006836,0.06239008903503418,7,41,7
0.1,4,-0.9935288571428571,0.002120000000000122,0.040186166763305664,0.06239008903503418,7,35,7
0.1,5,-0.9934915714285715,0.00020900000000012575,0.045847177505493164,0.06239008903503418,7,23,7
0.1,6,-0.9934879285714285,2.0000000000131024e-05,0.05129694938659668,0.06239008903503418,7,21,7
0.1,7,-0.9934879285714285,2.0000000000131024e-05,0.062313079833984375,0.06239008903503418,7,0,7
0.3,1,-1.3244406999999996,6.299934390000001,0.007339000701904297,0.06436777114868164,12,20,7
0.3,2,-1.2327034021707142,2.0769090414300004,0.017346858978271484,0.06436777114868164,12,41,7
0.3,3,-1.1959875851071429,0.6230714723999999,0.02423882484436035,0.06436777114868164,12,53,7
0.3,4,-1.1826482892999999,0.18690904142999987,0.03134799003601074,0.06436777114868164,12,54,7
0.3,5,-1.179030815992857,0.05607147239999999,0.03350973129272461,0.06436777114868164,12,53,7
0.3,6,-1.1779364963885715,0.01680904142999995,0.036267757415771484,0.06436777114868164,12,60,7
0.3,7,-1.1775112029957144,0.005041472399999858,0.04602670669555664,0.06436777114868164,12,56,7
0.3,8,-1.1773815576357145,0.001500041429999932,0.04879283905029297,0.06436777114868164,12,53,7
0.3,9,-1.177346057939286,0.00044877239999996377,0.053473711013793945,0.06436777114868164,12,38,7
0.3,10,-1.17733935166,0.00012223143000000825,0.05750870704650879,0.06436777114868164,12,19,7
0.3,11,-1.1773379597907145,3.5429400000008826e-05,0.06038093566894531,0.06436777114868164,12,9,7
0.3,12,-1.1773379597907145,3.5429400000008826e-05,0.06429290771484375,0.06436777114868164,12,0,7
0.5,1,-1.8727068219866072,10.499969482421875,0.006548881530761719,0.10228681564331055,19,20,7
0.5,2,-1.6316946574619837,6.999971389770508,0.009706974029541016,0.10228681564331055,19,41,7
0.5,3,-1.4857142312186105,3.4999847412109375,0.01497793197631836,0.10228681564331055,19,53,7
0.5,4,-1.398049054827009,1.7499713897705078,0.01975393295288086,0.10228681564331055,19,54,7
0.5,5,-1.3591976710728237,0.8749847412109375,0.023961782455444336,0.10228681564331055,19,53,7
0.5,6,-1.3393616267613002,0.4374713897705078,0.026707887649536133,0.10228681564331055,19,60,7
0.5,7,-1.3259785788399832,0.2187347412109375,0.03255605697631836,0.10228681564331055,19,75,7
0.5,8,-1.3191598619733538,0.10934638977050781,0.03538084030151367,0.10228681564331055,19,80,7
0.5,9,-1.3159229823521206,0.0546722412109375,0.03973197937011719,0.10228681564331055,19,73,7
0.5,10,-1.3147309984479632,0.027315139770507812,0.0428617000579834,0.10228681564331055,19,75,7
0.5,11,-1.314226804460798,0.0136566162109375,0.048773765563964844,0.10228681564331055,19,70,7
0.5,12,-1.3139958790370396,0.0068073272705078125,0.05520367622375488,0.10228681564331055,19,67,7
0.5,13,-1.3139045715332032,0.0034027099609375,0.06279778480529785,0.10228681564331055,19,68,7
0.5,14,-1.313860593523298,0.0016803741455078125,0.06677484512329102,0.10228681564331055,19,53,7
0.5,15,-1.3138489859444755,0.0008392333984375,0.07486677169799805,0.10228681564331055,19,34,7
0.5,16,-1.313845225742885,0.0001983642578125,0.08417582511901855,0.10228681564331055,19,20,7
0.5,17,-1.3138441630772182,7.82012939453125e-05,0.09095191955566406,0.10228681564331055,19,13,7
0.5,18,-1.3138440813337053,3.814697265625e-05,0.09360980987548828,0.10228681564331055,19,1,7
0.5,19,-1.3138440813337053,3.814697265625e-05,0.1022179126739502,0.10228681564331055,19,0,7
0.7,1,-3.1643509164847456,14.699977460659708,0.0044097900390625,0.19904685020446777,22,20,7
0.7,2,-2.453846671632713,20.17644307262816,0.010545969009399414,0.19904685020446777,22,41,7
0.7,3,-1.9146417159262143,14.123490660617993,0.016838788986206055,0.19904685020446777,22,53,7
0.7,4,-1.471011265750432,9.886443072628161,0.02168869972229004,0.19904685020446777,22,54,7
0.7,5,-1.194739010605195,6.920490660617995,0.02761673927307129,0.19904685020446777,22,53,7
0.7,6,-0.9966715628184919,4.8443430726281616,0.03469276428222656,0.19904685020446777,22,60,7
0.7,7,-0.8015921054072099,3.391020660617996,0.0424189567565918,0.19904685020446777,22,75,7
0.7,8,-0.6624291699120213,2.373714072628162,0.050023794174194336,0.19904685020446777,22,80,7
0.7,9,-0.5661823379925567,1.6615803606179966,0.057657718658447266,0.19904685020446777,22,73,7
0.7,10,-0.5141387554572171,1.163105862628163,0.06936097145080566,0.19904685020446777,22,75,7
0.7,11,-0.4809226594905645,0.8141546136179971,0.08327388763427734,0.19904685020446777,22,70,7
0.7,12,-0.4572180368840771,0.5699078397281636,0.09093189239501953,0.19904685020446777,22,67,7
0.7,13,-0.44365852865349176,0.3989159975879977,0.10905766487121582,0.19904685020446777,22,70,7
0.7,14,-0.43384429943830216,0.2792408085071636,0.12209486961364746,0.19904685020446777,22,56,7
0.7,15,-0.42939539047840836,0.1954490757332974,0.13158774375915527,0.19904685020446777,22,48,7
0.7,16,-0.42671706083906574,0.09575028402449481,0.1400909423828125,0.19904685020446777,22,37,7
0.7,17,-0.4253844356433177,0.06702480901271146,0.14963269233703613,0.19904685020446777,22,25,7
0.7,18,-0.42462331889768756,0.04689787608718099,0.16130995750427246,0.19904685020446777,22,19,7
0.7,19,-0.42420318609213525,0.022960196197897353,0.1699810028076172,0.19904685020446777,22,9,7
0.7,20,-0.4241001493495009,0.016071747534093905,0.17960190773010254,0.19904685020446777,22,4,7
0.7,21,-0.42404448038425185,2.598696229227926e-05,0.18978476524353027,0.19904685020446777,22,2,7
0.7,22,-0.42404448038425185,2.598696229227926e-05,0.19893193244934082,0.19904685020446777,22,0,7
0.9,1,-9.75623924327155,18.89999073861287,0.021901845932006836,0.4415559768676758,22,20,7
0.9,2,-5.8948228398868645,89.5262719120471,0.060301780700683594,0.4415559768676758,22,41,7
0.9,3,-2.53124660741124,80.57363551168481,0.0797431468963623,0.4415559768676758,22,53,7
0.9,4,0.9355775011108383,72.51627191204707,0.09783005714416504,0.4415559768676758,22,54,7
0.9,5,3.8301575649762256,65.26463551168482,0.11497092247009277,0.4415559768676758,22,53,7
0.9,6,6.440528698352619,58.738171912047086,0.131303071975708,0.4415559768676758,22,60,7
0.9,7,9.912841444393427,52.86434551168482,0.1450350284576416,0.4415559768676758,22,75,7
0.9,8,13.135690336937339,47.577910912047074,0.16522884368896484,0.4415559768676758,22,80,7
0.9,9,16.166384468484793,42.82011061168481,0.18216991424560547,0.4415559768676758,22,73,7
0.9,10,18.43650205475648,38.538099502047075,0.19921398162841797,0.4415559768676758,22,75,7
0.9,11,20.348196729104913,34.6842803426848,0.21788811683654785,0.4415559768676758,22,70,7
0.9,12,22.26937850098343,31.21585225994707,0.24017906188964844,0.4415559768676758,22,67,7
0.9,13,23.689903074150187,28.094257824794802,0.25894904136657715,0.4415559768676758,22,70,7
0.9,14,25.028624433208478,25.284831993846076,0.2744009494781494,0.4415559768676758,22,56,7
0.9,15,25.84875962247307,22.75633958530391,0.2940077781677246,0.4415559768676758,22,48,7
0.9,16,26.50897265324826,18.432625811316274,0.3144540786743164,0.4415559768676758,22,37,7
0.9,17,26.939118141831102,16.589363181715395,0.32981204986572266,0.4415559768676758,22,25,7
0.9,18,27.22726305216673,14.930417654386297,0.3433539867401123,0.4415559768676758,22,19,7
0.9,19,27.442348723419173,12.093629047273014,0.3679509162902832,0.4415559768676758,22,9,7
0.9,20,27.50158280647667,10.884266094076462,0.39239501953125,0.4415559768676758,22,4,7
0.9,21,27.543787065987754,9.69385007465462e-06,0.42397284507751465,0.4415559768676758,22,2,7
0.9,22,27.543787065987754,9.69385007465462e-06,0.44147300720214844,0.4415559768676758,22,0,7
0.95,1,-19.72997893638491,19.9499950086496,0.03572511672973633,0.6433620452880859,22,20,7
0.95,2,-10.730156265611155,194.38456561476002,0.0877230167388916,0.6433620452880859,22,41,7
0.95,3,-2.6736791900607875,184.6653373219193,0.2117459774017334,0.6433620452880859,22,53,7
0.95,4,6.042645905662892,175.43206561476,0.2300090789794922,0.6433620452880859,22,54,7
0.95,5,13.852552021709247,166.66046232191928,0.24753212928771973,0.6433620452880859,22,53,7
0.95,6,21.21014169830865,158.32743436476,0.26711416244506836,0.6433620452880859,22,60,7
0.95,7,31.68588554698443,150.41106263441932,0.2862281799316406,0.6433620452880859,22,75,7
0.95,8,41.99585921820332,142.89050466163496,0.3049583435058594,0.6433620452880859,22,80,7
0.95,9,52.39333276994099,135.74597941645058,0.3249473571777344,0.6433620452880859,22,73,7
0.95,10,60.77993772528418,128.95867560456475,0.34427809715270996,0.6433620452880859,22,75,7
0.95,11,68.22075173510208,122.51074181223376,0.3626563549041748,0.6433620452880859,22,70,7
0.95,12,76.28923453353734,116.38519988055876,0.3809671401977539,0.6433620452880859,22,67,7
0.95,13,82.57747919911633,110.56593987442811,0.3990051746368408,0.6433620452880859,22,70,7
0.95,14,88.83634787883155,105.03763803964335,0.4189591407775879,0.6433620452880859,22,56,7
0.95,15,92.89315483564897,99.78575612555852,0.44274210929870605,0.6433620452880859,22,48,7
0.95,16,96.37193282689951,90.0566402922037,0.4744880199432373,0.6433620452880859,22,37,7
0.95,17,98.77581759037774,85.55380343653019,0.5036320686340332,0.6433620452880859,22,25,7
0.95,18,100.42656333031503,81.27611325260096,0.5458559989929199,0.6433620452880859,22,19,7
0.95,19,101.74809714710294,73.35168759935954,0.5728292465209961,0.6433620452880859,22,9,7
0.95,20,102.11485556089443,69.6840983783282,0.5953972339630127,0.6433620452880859,22,4,7
0.95,21,102.3921698205406,4.841063372396093e-06,0.6186661720275879,0.6433620452880859,22,2,7
0.95,22,102.3921698205406,4.841063372396093e-06,0.6432912349700928,0.6433620452880859,22,0,7
0.99,1,-99.70624386687274,20.789999003694405,0.1479198932647705,3.4311749935150146,22,20,7
0.99,2,-48.803956931008024,1034.276329778376,0.3692958354949951,3.4311749935150146,22,41,7
0.99,3,-2.2899167803712848,1023.9335664800936,0.5207569599151611,3.4311749935150146,22,53,7
0.99,4,49.94612782475833,1013.694229778376,0.6716229915618896,3.4311749935150146,22,54,7
0.99,5,99.44119379997898,1003.5572874800936,0.8076040744781494,3.4311749935150146,22,53,7
0.99,6,147.56593510450574,993.5217135683761,0.9439949989318848,3.4311749935150146,22,60,7
0.99,7,219.8079471229461,983.5864964321937,1.091993808746338,3.4311749935150146,22,75,7
0.99,8,294.1914419959194,973.7506304309551,1.229921817779541,3.4311749935150146,22,80,7
0.99,9,373.38541539590693,964.0131241261467,1.4088819026947021,3.4311749935150146,22,73,7
0.99,10,441.00778181941325,954.3729918479688,1.6250860691070557,3.4311749935150146,22,75,7
0.99,11,503.31006124948374,944.8292619289904,1.8464438915252686,3.4311749935150146,22,70,7
0.99,12,574.9552650771797,935.3809682727838,1.9900360107421875,3.4311749935150146,22,67,7
0.99,13,633.0249181467494,926.0271585895574,2.148268699645996,3.4311749935150146,22,70,7
0.99,14,693.2551900706736,916.7668859667451,2.34070086479187,3.4311749935150146,22,56,7
0.99,15,733.9249836604472,907.5992171065792,2.4972028732299805,3.4311749935150146,22,48,7
0.99,16,770.5398635052983,889.5379916591121,2.64089298248291,3.4311749935150146,22,37,7
0.99,17,797.0289871468168,880.642610705604,2.7778759002685547,3.4311749935150146,22,25,7
0.99,18,815.508527431885,871.8361845980495,2.9092888832092285,3.4311749935150146,22,19,7
0.99,19,831.1353513563714,854.4866434975023,3.0405099391937256,3.4311749935150146,22,9,7
0.99,20,835.4775385805065,845.9417760256106,3.1761868000030518,3.4311749935150146,22,4,7
0.99,21,838.9130980363091,9.970354994948138e-07,3.308871030807495,3.4311749935150146,22,2,7
0.99,22,838.9130980363091,9.970354994948138e-07,3.4310989379882812,3.4311749935150146,22,0,7
0.1,1,-1.0418392031250001,2.0999990000000004,0.006551980972290039,0.026877880096435547,7,27,8
0.1,2,-1.02031453125,0.2121200000000001,0.009359121322631836,0.026877880096435547,7,53,8
0.1,3,-1.016689734375,0.021209000000000033,0.01243901252746582,0.026877880096435547,7,54,8
0.1,4,-1.0162433203125,0.002120000000000122,0.017035961151123047,0.026877880096435547,7,41,8
0.1,5,-1.016202796875,0.00020900000000012575,0.020196199417114258,0.026877880096435547,7,35,8
0.1,6,-1.016198859375,2.0000000000131024e-05,0.023467063903808594,0.026877880096435547,7,30,8
0.1,7,-1.016198859375,2.0000000000131024e-05,0.02679300308227539,0.026877880096435547,7,0,8
0.3,1,-1.3488124117187499,6.299934390000001,0.003197908401489258,0.05023002624511719,12,28,8
0.3,2,-1.2638586787168749,2.0769090414300004,0.008445978164672852,0.05023002624511719,12,62,8
0.3,3,-1.2244946773159375,0.6230714723999999,0.01314687728881836,0.05023002624511719,12,70,8
0.3,4,-1.2102296411267968,0.18690904142999987,0.017589092254638672,0.05023002624511719,12,63,8
0.3,5,-1.2063429037016407,0.05607147239999999,0.021472930908203125,0.05023002624511719,12,64,8
0.3,6,-1.2051438011603124,0.01680904142999995,0.025839805603027344,0.05023002624511719,12,68,8
0.3,7,-1.204717647636953,0.005041472399999858,0.030022859573364258,0.05023002624511719,12,68,8
0.3,8,-1.2045799168696092,0.001500041429999932,0.03449082374572754,0.05023002624511719,12,70,8
0.3,9,-1.2045368172505468,0.00044877239999996377,0.03841590881347656,0.05023002624511719,12,65,8
0.3,10,-1.2045258701195314,0.00012223143000000825,0.04230093955993652,0.05023002624511719,12,41,8
0.3,11,-1.2045235450651561,3.5429400000008826e-05,0.04581189155578613,0.05023002624511719,12,20,8
0.3,12,-1.2045235450651561,3.5429400000008826e-05,0.050148963928222656,0.05023002624511719,12,0,8
0.5,1,-1.9022705078125,10.499969482421875,0.0039119720458984375,0.1514279842376709,19,28,8
0.5,2,-1.6799053311347962,6.999971389770508,0.009573221206665039,0.1514279842376709,19,62,8
0.5,3,-1.5259275078773498,3.4999847412109375,0.01976490020751953,0.1514279842376709,19,70,8
0.5,4,-1.43637875020504,1.7499713897705078,0.028614044189453125,0.1514279842376709,19,63,8
0.5,5,-1.3959521740674972,0.8749847412109375,0.033944129943847656,0.1514279842376709,19,65,8
0.5,6,-1.374682828783989,0.4374713897705078,0.04178619384765625,0.1514279842376709,19,76,8
0.5,7,-1.3619103193283082,0.2187347412109375,0.047911882400512695,0.1514279842376709,19,90,8
0.5,8,-1.3549647748470306,0.10934638977050781,0.05354499816894531,0.1514279842376709,19,107,8
0.5,9,-1.3511970400810243,0.0546722412109375,0.06087899208068848,0.1514279842376709,19,111,8
0.5,10,-1.3494268268346787,0.027315139770507812,0.06710505485534668,0.1514279842376709,19,98,8
0.5,11,-1.348685696721077,0.0136566162109375,0.07683920860290527,0.1514279842376709,19,97,8
0.5,12,-1.3483591288328172,0.0068073272705078125,0.08456110954284668,0.1514279842376709,19,99,8
0.5,13,-1.3482100516557693,0.0034027099609375,0.09300708770751953,0.1514279842376709,19,87,8
0.5,14,-1.3481472790241242,0.0016803741455078125,0.09783196449279785,0.1514279842376709,19,67,8
0.5,15,-1.3481228709220887,0.0008392333984375,0.1029820442199707,0.1514279842376709,19,46,8
0.5,16,-1.3481145471334457,0.0003986358642578125,0.11263895034790039,0.1514279842376709,19,28,8
0.5,17,-1.3481119185686112,0.0001983642578125,0.13010191917419434,0.1514279842376709,19,17,8
0.5,18,-1.348111543059349,7.82012939453125e-05,0.1445150375366211,0.1514279842376709,19,5,8
0.5,19,-1.348111480474472,3.814697265625e-05,0.15134096145629883,0.1514279842376709,19,0,8
0.7,1,-3.2020083826677803,14.699977460659708,0.008955955505371094,0.3133988380432129,23,28,8
0.7,2,-2.5513009014649874,20.17644307262816,0.01857781410217285,0.3133988380432129,23,62,8
0.7,3,-1.9968334214535879,14.123490660617993,0.028079748153686523,0.3133988380432129,23,70,8
0.7,4,-1.5713484090580176,9.886443072628161,0.034729957580566406,0.3133988380432129,23,63,8
0.7,5,-1.2998036675832836,6.920490660617995,0.04159379005432129,0.3133988380432129,23,65,8
0.7,6,-1.0953103208634716,4.8443430726281616,0.05124783515930176,0.3133988380432129,23,76,8
0.7,7,-0.9217583144310396,3.391020660617996,0.06357097625732422,0.3133988380432129,23,90,8
0.7,8,-0.7864996190673756,2.373714072628162,0.0732879638671875,0.3133988380432129,23,107,8
0.7,9,-0.6811302246915365,1.6615803606179966,0.0904688835144043,0.3133988380432129,23,111,8
0.7,10,-0.612284552983406,1.163105862628163,0.10553884506225586,0.3133988380432129,23,98,8
0.7,11,-0.5695311188915989,0.8141546136179971,0.11653470993041992,0.3133988380432129,23,97,8
0.7,12,-0.5417334712246133,0.5699078397281636,0.12861275672912598,0.3133988380432129,23,100,8
0.7,13,-0.5238845442782754,0.3989159975879977,0.13973689079284668,0.3133988380432129,23,92,8
0.7,14,-0.512558597634457,0.2792408085071636,0.15145087242126465,0.3133988380432129,23,80,8
0.7,15,-0.505925263301488,0.1954490757332974,0.16583490371704102,0.3133988380432129,23,60,8
0.7,16,-0.5024811936739573,0.13681396320887362,0.1731128692626953,0.3133988380432129,23,45,8
0.7,17,-0.5006098631994895,0.09575028402449481,0.18211102485656738,0.3133988380432129,23,35,8
0.7,18,-0.4998285105476924,0.06702480901271146,0.19619202613830566,0.3133988380432129,23,30,8
0.7,19,-0.4993323308713352,0.03282812345659236,0.2136976718902588,0.3133988380432129,23,24,8
0.7,20,-0.49910756341007423,0.022960196197897353,0.22947263717651367,0.3133988380432129,23,12,8
0.7,21,-0.49899427615431413,0.016071747534093905,0.23970484733581543,0.3133988380432129,23,5,8
0.7,22,-0.49896210570374394,0.007861123332069564,0.2526359558105469,0.3133988380432129,23,1,8
0.7,23,-0.4989559845034551,2.598696229227926e-05,0.313309907913208,0.3133988380432129,23,0,8
0.9,1,-9.804630010347442,18.89999073861287,0.05220198631286621,0.9633431434631348,23,28,8
0.9,2,-6.267169969048739,89.5262719120471,0.10044312477111816,0.9633431434631348,23,62,8
0.9,3,-2.879175245442949,80.57363551168481,0.15035605430603027,0.9633431434631348,23,70,8
0.9,4,0.22788878612303415,72.51627191204707,0.20978212356567383,0.9633431434631348,23,63,8
0.9,5,2.8838403332274525,65.26463551168482,0.2520740032196045,0.9633431434631348,23,65,8
0.9,6,5.505780470678003,58.738171912047086,0.29903507232666016,0.9633431434631348,23,76,8
0.9,7,8.367518327816317,52.86434551168482,0.34330224990844727,0.9633431434631348,23,90,8
0.9,8,11.415157461719115,47.577910912047074,0.4290459156036377,0.9633431434631348,23,107,8
0.9,9,14.523150185189234,42.82011061168481,0.4982640743255615,0.9633431434631348,23,111,8
0.9,10,17.102083713125296,38.538099502047075,0.5628490447998047,0.9633431434631348,23,98,8
0.9,11,19.316436753672544,34.6842803426848,0.663701057434082,0.9633431434631348,23,97,8
0.9,12,21.21977041361872,31.21585225994707,0.7679510116577148,0.9633431434631348,23,100,8
0.9,13,22.80356670390147,28.094257824794802,0.812938928604126,0.9633431434631348,23,92,8
0.9,14,24.15837159220039,25.284831993846076,0.8286440372467041,0.9633431434631348,23,80,8
0.9,15,25.17566858602795,22.75633958530391,0.8435111045837402,0.9633431434631348,23,60,8
0.9,16,25.84399757871183,20.48070557830427,0.8588790893554688,0.9633431434631348,23,45,8
0.9,17,26.338541059662198,18.432625811316274,0.8735051155090332,0.9633431434631348,23,35,8
0.9,18,26.627940509965022,16.589363181715395,0.8898119926452637,0.9633431434631348,23,30,8
0.9,19,26.86580626804897,13.437375840478415,0.9050359725952148,0.9633431434631348,23,24,8
0.9,20,27.00748703080823,12.093629047273014,0.919827938079834,0.9633431434631348,23,12,8
0.9,21,27.087710980985825,10.884266094076462,0.9348130226135254,0.9633431434631348,23,5,8
0.9,22,27.11654140747142,8.816247199490876,0.9492449760437012,0.9633431434631348,23,1,8
0.9,23,27.123429093022697,9.69385007465462e-06,0.9632551670074463,0.9633431434631348,23,0,8
0.95,1,-19.781181624884145,19.9499950086496,0.023563861846923828,0.8961448669433594,23,28,8
0.95,2,-11.515281923520309,194.38456561476002,0.052643775939941406,0.8961448669433594,23,62,8
0.95,3,-3.42013365747978,184.6653373219193,0.0817108154296875,0.8961448669433594,23,70,8
0.95,4,4.2742182346625714,175.43206561476,0.11000180244445801,0.8961448669433594,23,63,8
0.95,5,11.328900567649699,166.66046232191928,0.1384878158569336,0.8961448669433594,23,65,8
0.95,6,18.709713006221612,158.32743436476,0.16869091987609863,0.8961448669433594,23,76,8
0.95,7,27.194820134770964,150.41106263441932,0.19867396354675293,0.8961448669433594,23,90,8
0.95,8,36.937506271071456,142.89050466163496,0.22871184349060059,0.8961448669433594,23,107,8
0.95,9,47.45313118185605,135.74597941645058,0.25655078887939453,0.8961448669433594,23,111,8
0.95,10,56.63285045621164,128.95867560456475,0.28534674644470215,0.8961448669433594,23,98,8
0.95,11,65.10929729209687,122.51074181223376,0.3135049343109131,0.8961448669433594,23,97,8
0.95,12,72.8211573997185,116.38519988055876,0.3423638343811035,0.8961448669433594,23,100,8
0.95,13,79.63001858647226,110.56593987442811,0.37343692779541016,0.8961448669433594,23,92,8
0.95,14,85.83192049037368,105.03763803964335,0.498013973236084,0.8961448669433594,23,80,8
0.95,15,90.71397768515824,99.78575612555852,0.5358419418334961,0.8961448669433594,23,60,8
0.95,16,94.08614535896702,94.79646347821726,0.5698177814483643,0.8961448669433594,23,45,8
0.95,17,96.74937464744289,90.0566402922037,0.6157279014587402,0.8961448669433594,23,35,8
0.95,18,98.4424122860238,85.55380343653019,0.6532196998596191,0.8961448669433594,23,30,8
0.95,19,99.90037242771099,77.2123027489076,0.6970958709716797,0.8961448669433594,23,24,8
0.95,20,100.81300848138049,73.35168759935954,0.736879825592041,0.8961448669433594,23,12,8
0.95,21,101.34022722868862,69.6840983783282,0.7872817516326904,0.8961448669433594,23,5,8
0.95,22,101.54023042336152,62.88989393388032,0.8504059314727783,0.8961448669433594,23,1,8
0.95,23,101.58936315318648,4.841063372396093e-06,0.8960587978363037,0.8961448669433594,23,0,8
0.99,1,-99.75962345096077,20.789999003694405,0.16916203498840332,5.192669868469238,23,28,8
0.99,2,-52.87338432665031,1034.276329778376,0.3950679302215576,5.192669868469238,23,62,8
0.99,3,-6.178296006625386,1023.9335664800936,0.6166667938232422,5.192669868469238,23,70,8
0.99,4,39.42349798950249,1013.694229778376,0.8286709785461426,5.192669868469238,23,63,8
0.99,5,83.62362060951679,1003.5572874800936,1.0433528423309326,5.192669868469238,23,65,8
0.99,6,131.95472530892067,993.5217135683761,1.2608487606048584,5.192669868469238,23,76,8
0.99,7,189.7163830444004,983.5864964321937,1.484971046447754,5.192669868469238,23,90,8
0.99,8,260.10932250079077,973.7506304309551,1.6868360042572021,5.192669868469238,23,107,8
0.99,9,339.41087877260486,964.0131241261467,1.8955316543579102,5.192669868469238,23,111,8
0.99,10,411.36275229522363,954.3729918479688,2.107961893081665,5.192669868469238,23,98,8
0.99,11,481.6164265376072,944.8292619289904,2.3310279846191406,5.192669868469238,23,97,8
0.99,12,548.2926849542474,935.3809682727838,2.534662961959839,5.192669868469238,23,100,8
0.99,13,609.9561027589125,926.0271585895574,2.7292098999023438,5.192669868469238,23,92,8
0.99,14,668.8240892256028,916.7668859667451,2.951035976409912,5.192669868469238,23,80,8
0.99,15,716.7861924651007,907.5992171065792,3.1832098960876465,5.192669868469238,23,60,8
0.99,16,751.2149776399134,898.5232238985967,3.4028539657592773,5.192669868469238,23,45,8
0.99,17,779.7877303855139,889.5379916591121,3.651486873626709,5.192669868469238,23,35,8
0.99,18,799.1935116364768,880.642610705604,3.910731077194214,5.192669868469238,23,30,8
0.99,19,816.4605581067633,863.1178217151523,4.149934768676758,5.192669868469238,23,24,8
0.99,20,827.6577277381381,854.4866434975023,4.445894956588745,5.192669868469238,23,12,8
0.99,21,834.2213067288588,845.9417760256106,4.691948890686035,5.192669868469238,23,5,8
0.99,22,836.8192666502457,829.1075336452906,4.9475998878479,5.192669868469238,23,1,8
0.99,23,837.4670069109449,9.970354994948138e-07,5.19258189201355,5.192669868469238,23,0,8
0.1,1,-1.0563775185185185,2.0999990000000004,0.010573148727416992,0.046714067459106445,7,25,9
0.1,2,-1.0379300555555555,0.2121200000000001,0.016857147216796875,0.046714067459106445,7,52,9
0.1,3,-1.0352084814814817,0.021209000000000033,0.022617101669311523,0.046714067459106445,7,52,9
0.1,4,-1.0349391111111113,0.002120000000000122,0.02846217155456543,0.046714067459106445,7,37,9
0.1,5,-1.034916425925926,0.00020900000000012575,0.03324699401855469,0.046714067459106445,7,27,9
0.1,6,-1.0349140925925926,2.0000000000131024e-05,0.039716243743896484,0.046714067459106445,7,24,9
0.1,7,-1.0349140925925926,2.0000000000131024e-05,0.046630144119262695,0.046714067459106445,7,0,9
0.3,1,-1.3656016095370371,6.2999940951,0.019147872924804688,0.17446112632751465,12,31,9
0.3,2,-1.2928388848398147,2.0769090414300004,0.029698848724365234,0.17446112632751465,12,76,9
0.3,3,-1.2631883855464816,0.6230714723999999,0.04136991500854492,0.17446112632751465,12,91,9
0.3,4,-1.2545544674214812,0.18690904142999987,0.052490234375,0.17446112632751465,12,71,9
0.3,5,-1.2523227851364815,0.05607147239999999,0.06468391418457031,0.17446112632751465,12,55,9
0.3,6,-1.2515956804014816,0.01680904142999995,0.07648706436157227,0.17446112632751465,12,57,9
0.3,7,-1.2513161588514814,0.005041472399999858,0.12081193923950195,0.17446112632751465,12,64,9
0.3,8,-1.2512251411764814,0.001500041429999932,0.1325831413269043,0.17446112632751465,12,62,9
0.3,9,-1.2511964282964816,0.00044877239999996377,0.14386701583862305,0.17446112632751465,12,49,9
0.3,10,-1.2511883145264815,0.00012223143000000825,0.154069185256958,0.17446112632751465,12,34,9
0.3,11,-1.2511861712664816,3.5429400000008826e-05,0.1647021770477295,0.17446112632751465,12,26,9
0.3,12,-1.2511861712664816,3.5429400000008826e-05,0.17435312271118164,0.17446112632751465,12,0,9
0.5,1,-1.9223130967881945,10.499969482421875,0.00994420051574707,0.19808006286621094,19,31,9
0.5,2,-1.7326032779834888,6.999971389770508,0.02150416374206543,0.19808006286621094,19,76,9
0.5,3,-1.613946752195005,3.4999847412109375,0.033361196517944336,0.19808006286621094,19,91,9
0.5,4,-1.5578095330132378,1.7499713897705078,0.044245004653930664,0.19808006286621094,19,75,9
0.5,5,-1.5336276019061053,0.8749847412109375,0.056699275970458984,0.19808006286621094,19,68,9
0.5,6,-1.5203277870460792,0.4374713897705078,0.06834197044372559,0.19808006286621094,19,81,9
0.5,7,-1.511720410099736,0.2187347412109375,0.0775301456451416,0.19808006286621094,19,99,9
0.5,8,-1.507022334911205,0.10934638977050781,0.08824324607849121,0.19808006286621094,19,114,9
0.5,9,-1.5045525162308304,0.0546722412109375,0.10192513465881348,0.19808006286621094,19,116,9
0.5,10,-1.5032852667349357,0.027315139770507812,0.11210322380065918,0.19808006286621094,19,105,9
0.5,11,-1.5027113525955766,0.0136566162109375,0.1232759952545166,0.19808006286621094,19,99,9
0.5,12,-1.5024508511578596,0.0068073272705078125,0.13288307189941406,0.19808006286621094,19,84,9
0.5,13,-1.5023348419754594,0.0034027099609375,0.14264321327209473,0.19808006286621094,19,76,9
0.5,14,-1.502287666885941,0.0016803741455078125,0.1552572250366211,0.19808006286621094,19,70,9
0.5,15,-1.502270359463162,0.0008392333984375,0.16546201705932617,0.19808006286621094,19,58,9
0.5,16,-1.502263139795374,0.0003986358642578125,0.1742870807647705,0.19808006286621094,19,42,9
0.5,17,-1.5022599750094943,0.0001983642578125,0.18209409713745117,0.19808006286621094,19,29,9
0.5,18,-1.5022595794112594,3.814697265625e-05,0.18975424766540527,0.19808006286621094,19,3,9
0.5,19,-1.5022595794112594,3.814697265625e-05,0.19799017906188965,0.19808006286621094,19,0,9
0.7,1,-3.2251471609582905,14.699977460659708,0.009170770645141602,0.43297886848449707,25,31,9
0.7,2,-2.658393282162531,20.17644307262816,0.019028902053833008,0.43297886848449707,25,76,9
0.7,3,-2.200784128279273,14.123490660617993,0.030488967895507812,0.43297886848449707,25,91,9
0.7,4,-1.9085305630248557,9.886443072628161,0.04117703437805176,0.43297886848449707,25,75,9
0.7,5,-1.7351101605796957,6.920490660617995,0.057691097259521484,0.43297886848449707,25,68,9
0.7,6,-1.6008255095218988,4.8443430726281616,0.07093691825866699,0.43297886848449707,25,81,9
0.7,7,-1.477932315367666,3.391020660617996,0.08168292045593262,0.43297886848449707,25,99,9
0.7,8,-1.3823429250250179,2.373714072628162,0.09900498390197754,0.43297886848449707,25,114,9
0.7,9,-1.312588869979746,1.6615803606179966,0.1100919246673584,0.43297886848449707,25,116,9
0.7,10,-1.2642810864723961,1.163105862628163,0.12300992012023926,0.43297886848449707,25,108,9
0.7,11,-1.2333577910782134,0.8141546136179971,0.1347639560699463,0.43297886848449707,25,104,9
0.7,12,-1.2126618123800867,0.5699078397281636,0.1509840488433838,0.43297886848449707,25,107,9
0.7,13,-1.1984889378002788,0.3989159975879977,0.1616230010986328,0.43297886848449707,25,116,9
0.7,14,-1.1894542392523837,0.2792408085071636,0.171860933303833,0.43297886848449707,25,110,9
0.7,15,-1.1840966541519733,0.1954490757332974,0.18291711807250977,0.43297886848449707,25,96,9
0.7,16,-1.1807250980474078,0.13681396320887362,0.1940288543701172,0.43297886848449707,25,80,9
0.7,17,-1.1785346317713785,0.09575028402449481,0.2205810546875,0.43297886848449707,25,68,9
0.7,18,-1.1774266245576641,0.04689787608718099,0.23096489906311035,0.43297886848449707,25,54,9
0.7,19,-1.1768713336723151,0.03282812345659236,0.24184584617614746,0.43297886848449707,25,42,9
0.7,20,-1.1765874258881046,0.022960196197897353,0.3547360897064209,0.43297886848449707,25,29,9
0.7,21,-1.1764255847989038,0.016071747534093905,0.37241101264953613,0.43297886848449707,25,15,9
0.7,22,-1.1763752059878296,0.011230733052148612,0.39133501052856445,0.43297886848449707,25,8,9
0.7,23,-1.1763448615410173,0.005483296110731839,0.4056069850921631,0.43297886848449707,25,6,9
0.7,24,-1.176335197522905,0.003837917473077823,0.4187309741973877,0.43297886848449707,25,2,9
0.7,25,-1.17633284447938,2.598696229227926e-05,0.4328758716583252,0.43297886848449707,25,0,9
0.9,1,-9.820744680443509,18.89999073861287,0.028743982315063477,0.7673108577728271,25,31,9
0.9,2,-6.449636098886856,89.5262719120471,0.0596318244934082,0.7673108577728271,25,76,9
0.9,3,-3.196695039246404,80.57363551168481,0.08616876602172852,0.7673108577728271,25,91,9
0.9,4,-0.6317468392837327,72.51627191204707,0.11260485649108887,0.7673108577728271,25,75,9
0.9,5,1.2831985684564868,65.26463551168482,0.13900995254516602,0.7673108577728271,25,68,9
0.9,6,3.215199103955522,58.738171912047086,0.16412782669067383,0.7673108577728271,25,81,9
0.9,7,5.495031412158531,52.86434551168482,0.1903388500213623,0.7673108577728271,25,99,9
0.9,8,7.91468447300943,47.577910912047074,0.22170495986938477,0.7673108577728271,25,114,9
0.9,9,10.211691801301708,42.82011061168481,0.2534787654876709,0.7673108577728271,25,116,9
0.9,10,12.167345407700639,38.538099502047075,0.2847328186035156,0.7673108577728271,25,108,9
0.9,11,13.836554931633323,34.6842803426848,0.3158378601074219,0.7673108577728271,25,104,9
0.9,12,15.330212406909967,31.21585225994707,0.34595203399658203,0.7673108577728271,25,107,9
0.9,13,16.77294520988507,28.094257824794802,0.37505102157592773,0.7673108577728271,25,116,9
0.9,14,18.006899107062342,25.284831993846076,0.40223097801208496,0.7673108577728271,25,110,9
0.9,15,18.999601312175056,22.75633958530391,0.43155407905578613,0.7673108577728271,25,96,9
0.9,16,19.77887587492109,20.48070557830427,0.505699872970581,0.7673108577728271,25,80,9
0.9,17,20.400477724853047,18.432625811316274,0.5364527702331543,0.7673108577728271,25,68,9
0.9,18,20.829315512779317,14.930417654386297,0.5663259029388428,0.7673108577728271,25,54,9
0.9,19,21.136677864897543,13.437375840478415,0.6032466888427734,0.7673108577728271,25,42,9
0.9,20,21.342858230040157,12.093629047273014,0.6277670860290527,0.7673108577728271,25,29,9
0.9,21,21.480253233100036,10.884266094076462,0.6503067016601562,0.7673108577728271,25,15,9
0.9,22,21.532398028140012,9.795830275511252,0.6882376670837402,0.7673108577728271,25,8,9
0.9,23,21.57388619034367,7.934613270384222,0.7126097679138184,0.7673108577728271,25,6,9
0.9,24,21.590982273483245,7.141151894876552,0.7367806434631348,0.7673108577728271,25,2,9
0.9,25,21.595390385953017,9.69385007465462e-06,0.7672157287597656,0.7673108577728271,25,0,9
0.95,1,-19.79085161325486,19.9499950086496,0.06237006187438965,1.4598560333251953,25,31,9
0.95,2,-11.618953787766175,194.38456561476002,0.11403894424438477,1.4598560333251953,25,76,9
0.95,3,-3.4290344765319642,184.6653373219193,0.1664130687713623,1.4598560333251953,25,91,9
0.95,4,3.330047514011941,175.43206561476,0.21995902061462402,1.4598560333251953,25,75,9
0.95,5,8.640777043591388,166.66046232191928,0.2661628723144531,1.4598560333251953,25,68,9
0.95,6,14.338987478782721,158.32743436476,0.3430190086364746,1.4598560333251953,25,81,9
0.95,7,21.429231954591707,150.41106263441932,0.5291330814361572,1.4598560333251953,25,99,9
0.95,8,29.55040921656447,142.89050466163496,0.5900468826293945,1.4598560333251953,25,114,9
0.95,9,37.761124157333654,135.74597941645058,0.6581149101257324,1.4598560333251953,25,116,9
0.95,10,45.06885895457228,128.95867560456475,0.7150571346282959,1.4598560333251953,25,108,9
0.95,11,51.732765894902535,122.51074181223376,0.7611088752746582,1.4598560333251953,25,104,9
0.95,12,58.05442566863286,116.38519988055876,0.8071060180664062,1.4598560333251953,25,107,9
0.95,13,64.63736160627529,110.56593987442811,0.8511919975280762,1.4598560333251953,25,116,9
0.95,14,70.5822327739289,105.03763803964335,0.9038839340209961,1.4598560333251953,25,110,9
0.95,15,75.65088331790805,99.78575612555852,0.9545509815216064,1.4598560333251953,25,96,9
0.95,16,79.83178974983669,94.79646347821726,1.0011370182037354,1.4598560333251953,25,80,9
0.95,17,83.29569131105329,90.0566402922037,1.0508790016174316,1.4598560333251953,25,68,9
0.95,18,85.8389369763761,81.27611325260096,1.1022088527679443,1.4598560333251953,25,54,9
0.95,19,87.79632514477343,77.2123027489076,1.147125005722046,1.4598560333251953,25,42,9
0.95,20,89.19572172021809,73.35168759935954,1.2051451206207275,1.4598560333251953,25,29,9
0.95,21,90.14504855155401,69.6840983783282,1.252411127090454,1.4598560333251953,25,15,9
0.95,22,90.52244042453128,66.19989344730914,1.297476053237915,1.4598560333251953,25,8,9
0.95,23,90.84214176584025,59.74539922508363,1.3470067977905273,1.4598560333251953,25,6,9
0.95,24,90.9794743285091,56.7581244227661,1.4030718803405762,1.4598560333251953,25,2,9
0.95,25,91.01451020793182,4.841063372396093e-06,1.459758996963501,1.4598560333251953,25,0,9
0.99,1,-99.76172140525114,20.789999003694405,0.22961187362670898,8.03405499458313,25,31,9
0.99,2,-51.83900146561356,1034.276329778376,0.5178170204162598,8.03405499458313,25,76,9
0.99,3,-2.3997703066857237,1023.9335664800936,0.8684360980987549,8.03405499458313,25,91,9
0.99,4,39.87129975847291,1013.694229778376,1.209031105041504,8.03405499458313,25,75,9
0.99,5,74.44461962570395,1003.5572874800936,1.5608091354370117,8.03405499458313,25,68,9
0.99,6,113.39445537117128,993.5217135683761,1.8250551223754883,8.03405499458313,25,81,9
0.99,7,163.83739532933663,983.5864964321937,2.0892691612243652,8.03405499458313,25,99,9
0.99,8,225.21934906435425,973.7506304309551,2.365279197692871,8.03405499458313,25,114,9
0.99,9,290.461134941151,964.0131241261467,2.6156809329986572,8.03405499458313,25,116,9
0.99,10,350.56855181153236,954.3729918479688,2.8895440101623535,8.03405499458313,25,108,9
0.99,11,408.23939691715714,944.8292619289904,3.160367965698242,8.03405499458313,25,104,9
0.99,12,465.3303236324381,935.3809682727838,3.46938419342041,8.03405499458313,25,107,9
0.99,13,528.263831823396,926.0271585895574,3.742250919342041,8.03405499458313,25,116,9
0.99,14,587.344776552746,916.7668859667451,4.005331039428711,8.03405499458313,25,110,9
0.99,15,639.8823243201374,907.5992171065792,4.290534973144531,8.03405499458313,25,96,9
0.99,16,684.9404598354168,898.5232238985967,4.573413133621216,8.03405499458313,25,80,9
0.99,17,723.3109446932881,889.5379916591121,4.8451690673828125,8.03405499458313,25,68,9
0.99,18,752.8225380379475,871.8361845980495,5.1123621463775635,8.03405499458313,25,54,9
0.99,19,776.7616633607262,863.1178217151523,5.45679497718811,8.03405499458313,25,42,9
0.99,20,794.7529122862996,854.4866434975023,5.76739501953125,8.03405499458313,25,29,9
0.99,21,807.0697390882497,845.9417760256106,6.068074941635132,8.03405499458313,25,15,9
0.99,22,812.1533403584052,837.4823582648557,6.393886089324951,8.03405499458313,25,8,9
0.99,23,816.6743108387424,820.8164583083391,6.654531955718994,8.03405499458313,25,6,9
0.99,24,818.6711191652892,812.608292688339,7.144721031188965,8.03405499458313,25,2,9
0.99,25,819.1727292225352,9.970354994948138e-07,8.03395700454712,8.03405499458313,25,0,9
0.1,1,-1.06562169,2.0999990000000004,0.017251968383789062,0.08776617050170898,7,24,10
0.1,2,-1.053934245,0.2121200000000001,0.026886940002441406,0.08776617050170898,7,53,10
0.1,3,-1.052371425,0.021209000000000033,0.03733420372009277,0.08776617050170898,7,63,10
0.1,4,-1.0521694050000001,0.002120000000000122,0.047406911849975586,0.08776617050170898,7,60,10
0.1,5,-1.0521441,0.00020900000000012575,0.06467485427856445,0.08776617050170898,7,49,10
0.1,6,-1.0521411600000001,2.0000000000131024e-05,0.07713699340820312,0.08776617050170898,7,37,10
0.1,7,-1.0521411600000001,2.0000000000131024e-05,0.08766698837280273,0.08776617050170898,7,0,10
0.3,1,-1.3734849214734999,6.29999822853,0.008805990219116211,0.22420597076416016,12,31,10
0.3,2,-1.3249478648572,2.0769090414300004,0.018141984939575195,0.22420597076416016,12,76,10
0.3,3,-1.3069980428335,0.6230714723999999,0.05566811561584473,0.22420597076416016,12,104,10
0.3,4,-1.3000006877821002,0.18690904142999987,0.0885629653930664,0.22420597076416016,12,111,10
0.3,5,-1.2973787634053502,0.05607147239999999,0.10227489471435547,0.22420597076416016,12,111,10
0.3,6,-1.29644567118025,0.01680904142999995,0.12408614158630371,0.22420597076416016,12,104,10
0.3,7,-1.29613597929565,0.005041472399999858,0.144866943359375,0.22420597076416016,12,84,10
0.3,8,-1.29604423092775,0.001500041429999932,0.17231488227844238,0.22420597076416016,12,64,10
0.3,9,-1.2960194510149,0.00044877239999996377,0.18665194511413574,0.22420597076416016,12,51,10
0.3,10,-1.29601351954285,0.00012223143000000825,0.20149993896484375,0.22420597076416016,12,38,10
0.3,11,-1.2960120315080499,3.5429400000008826e-05,0.21310186386108398,0.22420597076416016,12,29,10
0.3,12,-1.2960120315080499,3.5429400000008826e-05,0.22410988807678223,0.22420597076416016,12,0,10
0.5,1,-1.92941259765625,10.499969482421875,0.017877578735351562,0.3040447235107422,20,31,10
0.5,2,-1.7946597900390624,6.999971389770508,0.041043758392333984,0.3040447235107422,20,76,10
0.5,3,-1.7168204650878907,3.4999847412109375,0.05608773231506348,0.3040447235107422,20,109,10
0.5,4,-1.6668039131164551,1.7499713897705078,0.06991982460021973,0.3040447235107422,20,126,10
0.5,5,-1.6365567321777343,0.8749847412109375,0.08499574661254883,0.3040447235107422,20,128,10
0.5,6,-1.619128936767578,0.4374713897705078,0.10361385345458984,0.3040447235107422,20,125,10
0.5,7,-1.6096832466125488,0.2187347412109375,0.1213986873626709,0.3040447235107422,20,122,10
0.5,8,-1.6050880947113038,0.10934638977050781,0.13727474212646484,0.3040447235107422,20,104,10
0.5,9,-1.6030022659301757,0.0546722412109375,0.14934468269348145,0.3040447235107422,20,95,10
0.5,10,-1.602048292160034,0.027315139770507812,0.16359663009643555,0.3040447235107422,20,98,10
0.5,11,-1.6015941562652587,0.0136566162109375,0.17673778533935547,0.3040447235107422,20,102,10
0.5,12,-1.6013532695770263,0.0068073272705078125,0.18900179862976074,0.3040447235107422,20,114,10
0.5,13,-1.6012250556945802,0.0034027099609375,0.20081162452697754,0.3040447235107422,20,105,10
0.5,14,-1.6011557216644288,0.0016803741455078125,0.21368074417114258,0.3040447235107422,20,102,10
0.5,15,-1.601120714187622,0.0008392333984375,0.22847890853881836,0.3040447235107422,20,86,10
0.5,16,-1.601106454849243,0.0003986358642578125,0.24174880981445312,0.3040447235107422,20,58,10
0.5,17,-1.601101007461548,0.0001983642578125,0.2563028335571289,0.3040447235107422,20,34,10
0.5,18,-1.6010997257232666,7.82012939453125e-05,0.2758326530456543,0.3040447235107422,20,10,10
0.5,19,-1.6010994453430176,3.814697265625e-05,0.28868889808654785,0.3040447235107422,20,2,10
0.5,20,-1.6010994453430176,3.814697265625e-05,0.30395078659057617,0.3040447235107422,20,0,10
0.7,1,-3.234869580570531,14.699977460659708,0.02587294578552246,1.1298918724060059,31,31,10
0.7,2,-2.8115203929122927,20.17644307262816,0.04598402976989746,1.1298918724060059,31,76,10
0.7,3,-2.483881028995037,14.123490660617993,0.089080810546875,1.1298918724060059,31,109,10
0.7,4,-2.1972767163580342,9.886443072628161,0.11069083213806152,1.1298918724060059,31,126,10
0.7,5,-1.9657099457375586,6.920490660617995,0.14426493644714355,1.1298918724060059,31,128,10
0.7,6,-1.7872065403041637,4.8443430726281616,0.19551587104797363,1.1298918724060059,31,125,10
0.7,7,-1.6533810738044579,3.391020660617996,0.2454988956451416,1.1298918724060059,31,122,10
0.7,8,-1.5646617953175408,2.373714072628162,0.30017995834350586,1.1298918724060059,31,104,10
0.7,9,-1.5086396289219774,1.6615803606179966,0.36411595344543457,1.1298918724060059,31,96,10
0.7,10,-1.471479491466682,1.163105862628163,0.3977320194244385,1.1298918724060059,31,100,10
0.7,11,-1.44603699047707,0.8141546136179971,0.4371969699859619,1.1298918724060059,31,113,10
0.7,12,-1.426519272904831,0.5699078397281636,0.47182488441467285,1.1298918724060059,31,129,10
0.7,13,-1.4121517137615769,0.3989159975879977,0.5069248676300049,1.1298918724060059,31,126,10
0.7,14,-1.4012990188941248,0.2792408085071636,0.5365588665008545,1.1298918724060059,31,132,10
0.7,15,-1.3933091797327315,0.1954490757332974,0.5724360942840576,1.1298918724060059,31,137,10
0.7,16,-1.3885104189457493,0.13681396320887362,0.6010918617248535,1.1298918724060059,31,127,10
0.7,17,-1.3856375833989665,0.09575028402449481,0.6282739639282227,1.1298918724060059,31,116,10
0.7,18,-1.3841655094060585,0.06702480901271146,0.6649770736694336,1.1298918724060059,31,96,10
0.7,19,-1.3834904763215246,0.04689787608718099,0.7416260242462158,1.1298918724060059,31,75,10
0.7,20,-1.383146705912889,0.016071747534093905,0.7795429229736328,1.1298918724060059,31,58,10
0.7,21,-1.3829753486752239,0.011230733052148612,0.8119111061096191,1.1298918724060059,31,40,10
0.7,22,-1.3828732275201006,0.007861123332069564,0.8520150184631348,1.1298918724060059,31,27,10
0.7,23,-1.3828215522092953,0.005483296110731839,0.8817617893218994,1.1298918724060059,31,21,10
0.7,24,-1.3827932214168972,0.003837917473077823,0.9119000434875488,1.1298918724060059,31,19,10
0.7,25,-1.3827738869721606,0.0026670520094373984,0.9421257972717285,1.1298918724060059,31,20,10
0.7,26,-1.3827609896231816,0.0018665466021716703,0.9709188938140869,1.1298918724060059,31,17,10
0.7,27,-1.3827536032503323,0.0012870923998034023,0.9968719482421875,1.1298918724060059,31,11,10
0.7,28,-1.3827497028399056,0.0009005748754278287,1.0247838497161865,1.1298918724060059,31,8,10
0.7,29,-1.3827474829596158,0.0006109121910822246,1.0641000270843506,1.1298918724060059,31,5,10
0.7,30,-1.3827465898648397,0.0004272487293235372,1.0881822109222412,1.1298918724060059,31,2,10
0.7,31,-1.3827463045679784,2.598696229227926e-05,1.1297938823699951,1.1298918724060059,31,0,10
0.9,1,-9.843364927339193,18.89999073861287,0.12323403358459473,3.0412120819091797,31,31,10
0.9,2,-7.27035175385126,89.5262719120471,0.2680668830871582,3.0412120819091797,31,76,10
0.9,3,-4.758270517590002,80.57363551168481,0.3771228790283203,3.0412120819091797,31,109,10
0.9,4,-2.029517618438995,72.51627191204707,0.46507692337036133,3.0412120819091797,31,126,10
0.9,5,0.6399649356428528,65.26463551168482,0.547065019607544,3.0412120819091797,31,128,10
0.9,6,3.1254913695125213,58.738171912047086,0.640906810760498,3.0412120819091797,31,125,10
0.9,7,5.5492551262436995,52.86434551168482,0.7800412178039551,3.0412120819091797,31,122,10
0.9,8,7.575467272345717,47.577910912047074,0.8544490337371826,3.0412120819091797,31,104,10
0.9,9,9.176725571795101,42.82011061168481,0.9717679023742676,3.0412120819091797,31,96,10
0.9,10,10.624951850530891,38.538099502047075,1.0600008964538574,3.0412120819091797,31,100,10
0.9,11,11.924801674666599,34.6842803426848,1.2042160034179688,3.0412120819091797,31,113,10
0.9,12,13.233338773622078,31.21585225994707,1.3148918151855469,3.0412120819091797,31,129,10
0.9,13,14.449975736993128,28.094257824794802,1.4130468368530273,3.0412120819091797,31,126,10
0.9,14,15.61411656085412,25.284831993846076,1.493359088897705,3.0412120819091797,31,132,10
0.9,15,16.77002721570444,22.75633958530391,1.580476999282837,3.0412120819091797,31,137,10
0.9,16,17.685136522449778,20.48070557830427,1.6459040641784668,3.0412120819091797,31,127,10
0.9,17,18.441225236541825,18.432625811316274,1.7079589366912842,3.0412120819091797,31,116,10
0.9,18,18.9914567967797,16.589363181715395,1.7783970832824707,3.0412120819091797,31,96,10
0.9,19,19.357864480888324,14.930417654386297,1.875622034072876,3.0412120819091797,31,75,10
0.9,20,19.62671800245453,10.884266094076462,2.0157270431518555,3.0412120819091797,31,58,10
0.9,21,19.806969384821034,9.795830275511252,2.110198974609375,3.0412120819091797,31,40,10
0.9,22,19.93701181012458,8.816247199490876,2.2061989307403564,3.0412120819091797,31,27,10
0.9,23,20.022698823918937,7.934613270384222,2.2972960472106934,3.0412120819091797,31,21,10
0.9,24,20.084139574310896,7.141151894876552,2.4114341735839844,3.0412120819091797,31,19,10
0.9,25,20.137327800175143,6.427027496231332,2.506273031234741,3.0412120819091797,31,20,10
0.9,26,20.182799589106946,5.784324698138953,2.6001110076904297,3.0412120819091797,31,17,10
0.9,27,20.213369658279714,5.205883019167491,2.70169997215271,3.0412120819091797,31,11,10
0.9,28,20.234063017216567,4.685294668781494,2.7856240272521973,3.0412120819091797,31,8,10
0.9,29,20.24889192889441,4.216755992745779,2.876958131790161,3.0412120819091797,31,5,10
0.9,30,20.25652424895788,3.795080345001952,2.963914155960083,3.0412120819091797,31,2,10
0.9,31,20.259958782807907,9.69385007465462e-06,3.041105031967163,3.0412120819091797,31,0,10
0.95,1,-19.81955297726336,19.9499950086496,0.18094491958618164,5.658259868621826,31,31,10
0.95,2,-13.564312237476589,194.38456561476002,0.35713982582092285,5.658259868621826,31,76,10
0.95,3,-7.128086074500699,184.6653373219193,0.5698587894439697,5.658259868621826,31,109,10
0.95,4,0.1958039360375037,175.43206561476,0.8268086910247803,5.658259868621826,31,126,10
0.95,5,7.63929200304558,166.66046232191928,0.9935166835784912,5.658259868621826,31,128,10
0.95,6,14.831115830926603,158.32743436476,1.2072367668151855,5.658259868621826,31,125,10
0.95,7,22.288119114107328,150.41106263441932,1.4134609699249268,5.658259868621826,31,122,10
0.95,8,28.855606831677413,142.89050466163496,1.6121647357940674,5.658259868621826,31,104,10
0.95,9,34.28170588272103,135.74597941645058,1.7840099334716797,5.658259868621826,31,96,10
0.95,10,39.56311248695761,128.95867560456475,2.0114307403564453,5.658259868621826,31,100,10
0.95,11,44.57705663304939,122.51074181223376,2.202380657196045,5.658259868621826,31,113,10
0.95,12,49.91491087629003,116.38519988055876,2.3687398433685303,5.658259868621826,31,129,10
0.95,13,55.140850038848974,110.56593987442811,2.5364129543304443,5.658259868621826,31,126,10
0.95,14,60.403333669376565,105.03763803964335,2.7403578758239746,5.658259868621826,31,132,10
0.95,15,66.01605026360433,99.78575612555852,2.9329538345336914,5.658259868621826,31,137,10
0.95,16,70.76917374045784,94.79646347821726,3.140352964401245,5.658259868621826,31,127,10
0.95,17,74.98567765112958,90.0566402922037,3.32136869430542,5.658259868621826,31,116,10
0.95,18,78.29809664223906,85.55380343653019,3.5086417198181152,5.658259868621826,31,96,10
0.95,19,80.6654576509929,81.27611325260096,3.669450044631958,5.658259868621826,31,75,10
0.95,20,82.51889387357649,69.6840983783282,3.775693655014038,5.658259868621826,31,58,10
0.95,21,83.8293077707291,66.19989344730914,4.0043699741363525,5.658259868621826,31,40,10
0.95,22,84.80664943962967,62.88989393388032,4.216840982437134,5.658259868621826,31,27,10
0.95,23,85.48482369591987,59.74539922508363,4.361492872238159,5.658259868621826,31,21,10
0.95,24,85.99712695899453,56.7581244227661,4.476930856704712,5.658259868621826,31,19,10
0.95,25,86.46185587565614,53.92021818952515,4.663938760757446,5.658259868621826,31,20,10
0.95,26,86.88010853274277,51.22420243898554,4.84358286857605,5.658259868621826,31,17,10
0.95,27,87.16869286515416,48.662992304933596,5.051792860031128,5.658259868621826,31,11,10
0.95,28,87.37459811815286,46.229837848623546,5.29686975479126,5.658259868621826,31,8,10
0.95,29,87.52848568191219,43.91834594408971,5.434435844421387,5.658259868621826,31,5,10
0.95,30,87.6120403207776,41.72242380582186,5.550476789474487,5.658259868621826,31,2,10
0.95,31,87.65172877423863,4.841063372396093e-06,5.658157825469971,5.658259868621826,31,0,10
0.99,1,-99.79636965507017,20.789999003694405,0.5235130786895752,22.342406034469604,31,31,10
0.99,2,-63.02137398395272,1034.276329778376,1.1453030109405518,22.342406034469604,31,76,10
0.99,3,-23.616995382050764,1023.9335664800936,1.7813448905944824,22.342406034469604,31,109,10
0.99,4,22.858175235045156,1013.694229778376,2.3879189491271973,22.342406034469604,31,126,10
0.99,5,71.46628187250559,1003.5572874800936,3.0117480754852295,22.342406034469604,31,128,10
0.99,6,119.74954628450709,993.5217135683761,3.6790618896484375,22.342406034469604,31,125,10
0.99,7,172.2814492808583,983.5864964321937,4.351855993270874,22.342406034469604,31,122,10
0.99,8,220.47030121509258,973.7506304309551,4.997931003570557,22.342406034469604,31,104,10
0.99,9,261.64156844236834,964.0131241261467,5.804319143295288,22.342406034469604,31,96,10
0.99,10,304.0957558586551,954.3729918479688,6.856697082519531,22.342406034469604,31,100,10
0.99,11,346.1242858160818,944.8292619289904,7.685473918914795,22.342406034469604,31,113,10
0.99,12,392.76631734692256,935.3809682727838,8.354449987411499,22.342406034469604,31,129,10
0.99,13,440.30527267581544,926.0271585895574,8.968631029129028,22.342406034469604,31,126,10
0.99,14,490.08382862604856,916.7668859667451,9.561086893081665,22.342406034469604,31,132,10
0.99,15,546.2501959561848,907.5992171065792,10.190868854522705,22.342406034469604,31,137,10
0.99,16,596.435022104251,898.5232238985967,10.828444004058838,22.342406034469604,31,127,10
0.99,17,643.3951654322603,889.5379916591121,11.431169986724854,22.342406034469604,31,116,10
0.99,18,682.4810659896901,880.642610705604,12.052661895751953,22.342406034469604,31,96,10
0.99,19,711.8680795760055,871.8361845980495,12.666414022445679,22.342406034469604,31,75,10
0.99,20,735.9573357335853,845.9417760256106,13.300948858261108,22.342406034469604,31,58,10
0.99,21,753.655043457065,837.4823582648557,13.908308982849121,22.342406034469604,31,40,10
0.99,22,767.1642921269818,829.1075336452906,14.699220180511475,22.342406034469604,31,27,10
0.99,23,776.9008892668069,820.8164583083391,15.419728994369507,22.342406034469604,31,21,10
0.99,24,784.5402592499843,812.608292688339,16.295212984085083,22.342406034469604,31,19,10
0.99,25,791.7168443318217,804.4822097609572,17.912158250808716,22.342406034469604,31,20,10
0.99,26,798.4312901691648,796.437386626431,18.730144023895264,22.342406034469604,31,17,10
0.99,27,803.1504604341562,788.473012759668,19.51720690727234,22.342406034469604,31,11,10
0.99,28,806.6554200870769,780.5882815951545,20.398961067199707,22.342406034469604,31,8,10
0.99,29,809.3602755691409,772.7823987787041,21.092849016189575,22.342406034469604,31,5,10
0.99,30,810.8904619939416,765.0545737540003,21.706806898117065,22.342406034469604,31,2,10
0.99,31,811.6479042742179,9.970354994948138e-07,22.342294931411743,22.342406034469604,31,0,10
